subhalo_id,grnr,halo_r200_kpc,mass_gas_1e10msun_h,mass_stars_1e10msun_h,pos_x_ckpc_h,pos_y_ckpc_h,pos_z_ckpc_h,halfmassrad_gas_ckpc_h,bcg_pos_x,bcg_pos_y,bcg_pos_z,cutout_url,sfr
5,0,2198.3,0.081177,81.1085,175495.0,265966.0,450826.0,12.722,175292.0,265235.0,451367.0,http://www.tng-project.org/api/TNG-Cluster/snapshots/99/subhalos/5/cutout.hdf5,0.0198
6,0,2198.3,22.1452,33.0849,175445.0,263760.0,449902.0,93.789,175292.0,265235.0,451367.0,http://www.tng-project.org/api/TNG-Cluster/snapshots/99/subhalos/6/cutout.hdf5,0.0
8,0,2198.3,0.344554,36.1365,175791.0,260810.0,453092.0,69.123,175292.0,265235.0,451367.0,http://www.tng-project.org/api/TNG-Cluster/snapshots/99/subhalos/8/cutout.hdf5,0.0146
9,0,2198.3,0.26311,50.1712,173430.0,264279.0,452243.0,26.274,175292.0,265235.0,451367.0,http://www.tng-project.org/api/TNG-Cluster/snapshots/99/subhalos/9/cutout.hdf5,0.0
10,0,2198.3,7.68831,18.426,175636.0,267534.0,449509.0,108.83,175292.0,265235.0,451367.0,http://www.tng-project.org/api/TNG-Cluster/snapshots/99/subhalos/10/cutout.hdf5,0.0
11,0,2198.3,0.003223,60.4221,173730.0,265937.0,449516.0,1.849,175292.0,265235.0,451367.0,http://www.tng-project.org/api/TNG-Cluster/snapshots/99/subhalos/11/cutout.hdf5,0.0
13,0,2198.3,0.003215,32.4146,175158.0,267887.0,450379.0,22.849,175292.0,265235.0,451367.0,http://www.tng-project.org/api/TNG-Cluster/snapshots/99/subhalos/13/cutout.hdf5,0.0
15,0,2198.3,2.79632,12.0795,177059.0,267254.0,450341.0,68.558,175292.0,265235.0,451367.0,http://www.tng-project.org/api/TNG-Cluster/snapshots/99/subhalos/15/cutout.hdf5,0.0
16,0,2198.3,0.000525,47.8491,173157.0,260524.0,453128.0,0.0,175292.0,265235.0,451367.0,http://www.tng-project.org/api/TNG-Cluster/snapshots/99/subhalos/16/cutout.hdf5,0.0
18,0,2198.3,3.9717,8.76711,175552.0,263616.0,451114.0,24.304,175292.0,265235.0,451367.0,http://www.tng-project.org/api/TNG-Cluster/snapshots/99/subhalos/18/cutout.hdf5,2.5692
19,0,2198.3,1.11686,8.59824,174310.0,265990.0,449862.0,20.164,175292.0,265235.0,451367.0,http://www.tng-project.org/api/TNG-Cluster/snapshots/99/subhalos/19/cutout.hdf5,0.0181
20,0,2198.3,8.53364,9.1368,172466.0,258359.0,454131.0,82.007,175292.0,265235.0,451367.0,http://www.tng-project.org/api/TNG-Cluster/snapshots/99/subhalos/20/cutout.hdf5,0.5542
30,0,2198.3,2.12549,11.5281,175108.0,266472.0,450997.0,18.692,175292.0,265235.0,451367.0,http://www.tng-project.org/api/TNG-Cluster/snapshots/99/subhalos/30/cutout.hdf5,0.0432
35,0,2198.3,1.39779,7.54087,175320.0,266109.0,449906.0,21.291,175292.0,265235.0,451367.0,http://www.tng-project.org/api/TNG-Cluster/snapshots/99/subhalos/35/cutout.hdf5,0.1049
37,0,2198.3,0.188823,9.00269,173257.0,261122.0,452621.0,60.551,175292.0,265235.0,451367.0,http://www.tng-project.org/api/TNG-Cluster/snapshots/99/subhalos/37/cutout.hdf5,0.0
41,0,2198.3,0.031513,4.28143,174299.0,267156.0,449362.0,16.334,175292.0,265235.0,451367.0,http://www.tng-project.org/api/TNG-Cluster/snapshots/99/subhalos/41/cutout.hdf5,0.0
43,0,2198.3,4.65742,6.30377,174620.0,267494.0,449157.0,29.177,175292.0,265235.0,451367.0,http://www.tng-project.org/api/TNG-Cluster/snapshots/99/subhalos/43/cutout.hdf5,0.0039
45,0,2198.3,0.918474,5.52962,174216.0,267445.0,450148.0,37.103,175292.0,265235.0,451367.0,http://www.tng-project.org/api/TNG-Cluster/snapshots/99/subhalos/45/cutout.hdf5,0.0
46,0,2198.3,0.235502,16.2259,173642.0,260534.0,452746.0,4.996,175292.0,265235.0,451367.0,http://www.tng-project.org/api/TNG-Cluster/snapshots/99/subhalos/46/cutout.hdf5,0.7907
68,0,2198.3,0.417394,3.23051,174300.0,262212.0,455600.0,36.896,175292.0,265235.0,451367.0,http://www.tng-project.org/api/TNG-Cluster/snapshots/99/subhalos/68/cutout.hdf5,0.0
75,0,2198.3,2.68731,3.25066,174645.0,264700.0,449097.0,22.865,175292.0,265235.0,451367.0,http://www.tng-project.org/api/TNG-Cluster/snapshots/99/subhalos/75/cutout.hdf5,0.0277
81,0,2198.3,0.002204,4.49323,175645.0,266961.0,449310.0,57.566,175292.0,265235.0,451367.0,http://www.tng-project.org/api/TNG-Cluster/snapshots/99/subhalos/81/cutout.hdf5,0.0
83,0,2198.3,3.62107,2.38092,175166.0,260454.0,456023.0,24.792,175292.0,265235.0,451367.0,http://www.tng-project.org/api/TNG-Cluster/snapshots/99/subhalos/83/cutout.hdf5,1.4114
85,0,2198.3,3.1987,2.2758,176925.0,268066.0,450417.0,21.373,175292.0,265235.0,451367.0,http://www.tng-project.org/api/TNG-Cluster/snapshots/99/subhalos/85/cutout.hdf5,0.7156
88,0,2198.3,2.78602,2.90929,175460.0,259903.0,455035.0,25.581,175292.0,265235.0,451367.0,http://www.tng-project.org/api/TNG-Cluster/snapshots/99/subhalos/88/cutout.hdf5,0.8778
91,0,2198.3,0.61251,2.8255,174809.0,267294.0,451357.0,83.035,175292.0,265235.0,451367.0,http://www.tng-project.org/api/TNG-Cluster/snapshots/99/subhalos/91/cutout.hdf5,0.0
95,0,2198.3,0.230845,2.45649,173243.0,266684.0,450519.0,28.643,175292.0,265235.0,451367.0,http://www.tng-project.org/api/TNG-Cluster/snapshots/99/subhalos/95/cutout.hdf5,0.0
98,0,2198.3,4.62375,2.79415,177111.0,267139.0,450721.0,19.381,175292.0,265235.0,451367.0,http://www.tng-project.org/api/TNG-Cluster/snapshots/99/subhalos/98/cutout.hdf5,2.9526
103,0,2198.3,0.039637,4.81717,176093.0,259840.0,454006.0,3.02,175292.0,265235.0,451367.0,http://www.tng-project.org/api/TNG-Cluster/snapshots/99/subhalos/103/cutout.hdf5,0.0081
120,0,2198.3,0.689399,1.91646,176483.0,263989.0,454522.0,29.653,175292.0,265235.0,451367.0,http://www.tng-project.org/api/TNG-Cluster/snapshots/99/subhalos/120/cutout.hdf5,0.0
128,0,2198.3,1.49989,1.44091,175439.0,260122.0,456180.0,47.419,175292.0,265235.0,451367.0,http://www.tng-project.org/api/TNG-Cluster/snapshots/99/subhalos/128/cutout.hdf5,0.019
129,0,2198.3,2.89523,1.86998,174532.0,264357.0,453727.0,13.462,175292.0,265235.0,451367.0,http://www.tng-project.org/api/TNG-Cluster/snapshots/99/subhalos/129/cutout.hdf5,1.4085
130,0,2198.3,3.84816,1.53544,175377.0,267910.0,449454.0,20.502,175292.0,265235.0,451367.0,http://www.tng-project.org/api/TNG-Cluster/snapshots/99/subhalos/130/cutout.hdf5,1.3798
139,0,2198.3,1.34819,2.99301,172890.0,266450.0,450063.0,19.573,175292.0,265235.0,451367.0,http://www.tng-project.org/api/TNG-Cluster/snapshots/99/subhalos/139/cutout.hdf5,0.0367
145,0,2198.3,0.406449,4.7734,172905.0,266102.0,449406.0,7.783,175292.0,265235.0,451367.0,http://www.tng-project.org/api/TNG-Cluster/snapshots/99/subhalos/145/cutout.hdf5,0.3969
157,0,2198.3,0.286739,4.55244,175900.0,262532.0,453060.0,2.524,175292.0,265235.0,451367.0,http://www.tng-project.org/api/TNG-Cluster/snapshots/99/subhalos/157/cutout.hdf5,1.4992
169,0,2198.3,2.37894,1.81918,175434.0,260933.0,452962.0,8.929,175292.0,265235.0,451367.0,http://www.tng-project.org/api/TNG-Cluster/snapshots/99/subhalos/169/cutout.hdf5,5.1296
175,0,2198.3,0.097073,2.28333,172793.0,260365.0,452144.0,3.382,175292.0,265235.0,451367.0,http://www.tng-project.org/api/TNG-Cluster/snapshots/99/subhalos/175/cutout.hdf5,0.0663
178,0,2198.3,0.976693,0.896013,176063.0,263421.0,452223.0,10.607,175292.0,265235.0,451367.0,http://www.tng-project.org/api/TNG-Cluster/snapshots/99/subhalos/178/cutout.hdf5,0.7893
179,0,2198.3,0.033829,4.19723,172411.0,258295.0,454322.0,39.626,175292.0,265235.0,451367.0,http://www.tng-project.org/api/TNG-Cluster/snapshots/99/subhalos/179/cutout.hdf5,0.0
180,0,2198.3,0.065358,2.13554,174414.0,262479.0,453615.0,49.901,175292.0,265235.0,451367.0,http://www.tng-project.org/api/TNG-Cluster/snapshots/99/subhalos/180/cutout.hdf5,0.0747
186,0,2198.3,0.020711,1.9666,174783.0,266127.0,451629.0,52.706,175292.0,265235.0,451367.0,http://www.tng-project.org/api/TNG-Cluster/snapshots/99/subhalos/186/cutout.hdf5,0.0
193,0,2198.3,1.07202,1.69825,172871.0,266644.0,449585.0,18.677,175292.0,265235.0,451367.0,http://www.tng-project.org/api/TNG-Cluster/snapshots/99/subhalos/193/cutout.hdf5,1.2183
194,0,2198.3,0.171646,1.62006,176460.0,262983.0,452984.0,12.638,175292.0,265235.0,451367.0,http://www.tng-project.org/api/TNG-Cluster/snapshots/99/subhalos/194/cutout.hdf5,0.0
197,0,2198.3,0.463974,1.21455,175162.0,261792.0,452806.0,3.182,175292.0,265235.0,451367.0,http://www.tng-project.org/api/TNG-Cluster/snapshots/99/subhalos/197/cutout.hdf5,1.6988
199,0,2198.3,1.57901,1.02191,176255.0,266642.0,450753.0,10.689,175292.0,265235.0,451367.0,http://www.tng-project.org/api/TNG-Cluster/snapshots/99/subhalos/199/cutout.hdf5,2.3144
202,0,2198.3,1.20109,2.14821,172359.0,258728.0,455076.0,14.913,175292.0,265235.0,451367.0,http://www.tng-project.org/api/TNG-Cluster/snapshots/99/subhalos/202/cutout.hdf5,0.9411
206,0,2198.3,1.61871,0.985502,173901.0,267345.0,450433.0,20.184,175292.0,265235.0,451367.0,http://www.tng-project.org/api/TNG-Cluster/snapshots/99/subhalos/206/cutout.hdf5,2.8123
207,0,2198.3,2.5277,2.29491,174361.0,267463.0,450101.0,12.755,175292.0,265235.0,451367.0,http://www.tng-project.org/api/TNG-Cluster/snapshots/99/subhalos/207/cutout.hdf5,3.0483
211,0,2198.3,0.045682,1.56197,174017.0,260844.0,453623.0,57.103,175292.0,265235.0,451367.0,http://www.tng-project.org/api/TNG-Cluster/snapshots/99/subhalos/211/cutout.hdf5,0.0
212,0,2198.3,2.03762,0.51415,172629.0,259500.0,454265.0,19.204,175292.0,265235.0,451367.0,http://www.tng-project.org/api/TNG-Cluster/snapshots/99/subhalos/212/cutout.hdf5,0.84
213,0,2198.3,0.703009,0.970941,174440.0,259682.0,453873.0,9.001,175292.0,265235.0,451367.0,http://www.tng-project.org/api/TNG-Cluster/snapshots/99/subhalos/213/cutout.hdf5,0.8077
214,0,2198.3,1.02715,3.47224,172462.0,258420.0,454872.0,12.255,175292.0,265235.0,451367.0,http://www.tng-project.org/api/TNG-Cluster/snapshots/99/subhalos/214/cutout.hdf5,1.5191
219,0,2198.3,2.47933,0.340777,172843.0,261628.0,453381.0,16.0,175292.0,265235.0,451367.0,http://www.tng-project.org/api/TNG-Cluster/snapshots/99/subhalos/219/cutout.hdf5,1.114
245,0,2198.3,0.010304,0.647607,174667.0,263487.0,451218.0,10.714,175292.0,265235.0,451367.0,http://www.tng-project.org/api/TNG-Cluster/snapshots/99/subhalos/245/cutout.hdf5,0.0
250,0,2198.3,2.49348,0.587834,172902.0,259712.0,453948.0,13.933,175292.0,265235.0,451367.0,http://www.tng-project.org/api/TNG-Cluster/snapshots/99/subhalos/250/cutout.hdf5,3.0301
252,0,2198.3,0.08734,2.26404,174458.0,266050.0,449924.0,43.82,175292.0,265235.0,451367.0,http://www.tng-project.org/api/TNG-Cluster/snapshots/99/subhalos/252/cutout.hdf5,0.0
254,0,2198.3,0.005608,0.831637,175329.0,265299.0,453549.0,42.322,175292.0,265235.0,451367.0,http://www.tng-project.org/api/TNG-Cluster/snapshots/99/subhalos/254/cutout.hdf5,0.0
287,0,2198.3,0.176077,0.774744,174615.0,266372.0,449913.0,4.775,175292.0,265235.0,451367.0,http://www.tng-project.org/api/TNG-Cluster/snapshots/99/subhalos/287/cutout.hdf5,0.2518
297,0,2198.3,1.34886,1.4687,172943.0,266392.0,449946.0,10.742,175292.0,265235.0,451367.0,http://www.tng-project.org/api/TNG-Cluster/snapshots/99/subhalos/297/cutout.hdf5,1.3985
302,0,2198.3,0.280674,0.455969,176415.0,265088.0,450922.0,2.207,175292.0,265235.0,451367.0,http://www.tng-project.org/api/TNG-Cluster/snapshots/99/subhalos/302/cutout.hdf5,1.5223
303,0,2198.3,0.277086,1.07573,173110.0,265609.0,450429.0,5.043,175292.0,265235.0,451367.0,http://www.tng-project.org/api/TNG-Cluster/snapshots/99/subhalos/303/cutout.hdf5,0.2459
307,0,2198.3,1.10912,0.525163,176264.0,262705.0,452979.0,5.017,175292.0,265235.0,451367.0,http://www.tng-project.org/api/TNG-Cluster/snapshots/99/subhalos/307/cutout.hdf5,4.8575
314,0,2198.3,1.74099,0.327082,172949.0,259747.0,453278.0,17.131,175292.0,265235.0,451367.0,http://www.tng-project.org/api/TNG-Cluster/snapshots/99/subhalos/314/cutout.hdf5,0.7045
318,0,2198.3,0.625626,0.251427,175391.0,263296.0,454358.0,9.468,175292.0,265235.0,451367.0,http://www.tng-project.org/api/TNG-Cluster/snapshots/99/subhalos/318/cutout.hdf5,0.6559
322,0,2198.3,0.338675,0.481762,174399.0,266850.0,451465.0,12.8,175292.0,265235.0,451367.0,http://www.tng-project.org/api/TNG-Cluster/snapshots/99/subhalos/322/cutout.hdf5,0.2052
329,0,2198.3,0.224391,0.661439,174422.0,265772.0,450866.0,2.242,175292.0,265235.0,451367.0,http://www.tng-project.org/api/TNG-Cluster/snapshots/99/subhalos/329/cutout.hdf5,1.2306
333,0,2198.3,0.297932,0.341467,176569.0,265426.0,450116.0,5.022,175292.0,265235.0,451367.0,http://www.tng-project.org/api/TNG-Cluster/snapshots/99/subhalos/333/cutout.hdf5,0.5661
334,0,2198.3,0.25311,0.452514,174961.0,262091.0,455052.0,7.833,175292.0,265235.0,451367.0,http://www.tng-project.org/api/TNG-Cluster/snapshots/99/subhalos/334/cutout.hdf5,0.1488
336,0,2198.3,0.739485,0.280665,176280.0,262137.0,453116.0,10.512,175292.0,265235.0,451367.0,http://www.tng-project.org/api/TNG-Cluster/snapshots/99/subhalos/336/cutout.hdf5,0.2651
338,0,2198.3,0.997551,0.152285,177088.0,265104.0,453521.0,13.662,175292.0,265235.0,451367.0,http://www.tng-project.org/api/TNG-Cluster/snapshots/99/subhalos/338/cutout.hdf5,0.5026
339,0,2198.3,0.656307,0.954859,174653.0,260352.0,453330.0,5.067,175292.0,265235.0,451367.0,http://www.tng-project.org/api/TNG-Cluster/snapshots/99/subhalos/339/cutout.hdf5,2.2785
340,0,2198.3,0.019013,0.538114,174996.0,265406.0,452156.0,3.545,175292.0,265235.0,451367.0,http://www.tng-project.org/api/TNG-Cluster/snapshots/99/subhalos/340/cutout.hdf5,0.0036
341,0,2198.3,0.004467,0.947128,173016.0,260003.0,453660.0,11.553,175292.0,265235.0,451367.0,http://www.tng-project.org/api/TNG-Cluster/snapshots/99/subhalos/341/cutout.hdf5,0.0
343,0,2198.3,0.404848,0.393573,175152.0,259125.0,455445.0,10.382,175292.0,265235.0,451367.0,http://www.tng-project.org/api/TNG-Cluster/snapshots/99/subhalos/343/cutout.hdf5,0.318
349,0,2198.3,1.21976,0.384868,176040.0,263320.0,453749.0,10.26,175292.0,265235.0,451367.0,http://www.tng-project.org/api/TNG-Cluster/snapshots/99/subhalos/349/cutout.hdf5,1.0058
351,0,2198.3,0.473159,0.44707,174195.0,262963.0,451653.0,7.641,175292.0,265235.0,451367.0,http://www.tng-project.org/api/TNG-Cluster/snapshots/99/subhalos/351/cutout.hdf5,0.2931
352,0,2198.3,0.175922,0.306982,175682.0,262557.0,453707.0,2.242,175292.0,265235.0,451367.0,http://www.tng-project.org/api/TNG-Cluster/snapshots/99/subhalos/352/cutout.hdf5,0.7579
358,0,2198.3,0.357404,2.06227,172487.0,258283.0,454117.0,22.007,175292.0,265235.0,451367.0,http://www.tng-project.org/api/TNG-Cluster/snapshots/99/subhalos/358/cutout.hdf5,0.0
364,0,2198.3,0.702229,0.128397,172018.0,257673.0,454510.0,10.848,175292.0,265235.0,451367.0,http://www.tng-project.org/api/TNG-Cluster/snapshots/99/subhalos/364/cutout.hdf5,0.2049
370,0,2198.3,0.098525,0.444831,175680.0,266036.0,449679.0,2.168,175292.0,265235.0,451367.0,http://www.tng-project.org/api/TNG-Cluster/snapshots/99/subhalos/370/cutout.hdf5,0.4335
377,0,2198.3,0.596747,0.360142,175321.0,263582.0,451726.0,6.309,175292.0,265235.0,451367.0,http://www.tng-project.org/api/TNG-Cluster/snapshots/99/subhalos/377/cutout.hdf5,1.0137
388,0,2198.3,0.31888,0.451557,174407.0,260356.0,452690.0,7.145,175292.0,265235.0,451367.0,http://www.tng-project.org/api/TNG-Cluster/snapshots/99/subhalos/388/cutout.hdf5,0.1868
398,0,2198.3,0.989071,0.180199,175662.0,259087.0,455830.0,13.921,175292.0,265235.0,451367.0,http://www.tng-project.org/api/TNG-Cluster/snapshots/99/subhalos/398/cutout.hdf5,0.2928
399,0,2198.3,0.018866,0.647445,174557.0,264244.0,451931.0,18.943,175292.0,265235.0,451367.0,http://www.tng-project.org/api/TNG-Cluster/snapshots/99/subhalos/399/cutout.hdf5,0.0
409,0,2198.3,0.338978,0.476643,172355.0,258375.0,455149.0,19.456,175292.0,265235.0,451367.0,http://www.tng-project.org/api/TNG-Cluster/snapshots/99/subhalos/409/cutout.hdf5,0.1154
411,0,2198.3,0.090262,0.764072,174930.0,266668.0,451021.0,2.494,175292.0,265235.0,451367.0,http://www.tng-project.org/api/TNG-Cluster/snapshots/99/subhalos/411/cutout.hdf5,0.1584
416,0,2198.3,1.46712,0.240797,174963.0,262619.0,454212.0,13.367,175292.0,265235.0,451367.0,http://www.tng-project.org/api/TNG-Cluster/snapshots/99/subhalos/416/cutout.hdf5,0.8473
420,0,2198.3,0.613043,0.306912,174846.0,258323.0,452928.0,9.572,175292.0,265235.0,451367.0,http://www.tng-project.org/api/TNG-Cluster/snapshots/99/subhalos/420/cutout.hdf5,0.3308
425,0,2198.3,0.115077,0.389732,175799.0,259322.0,454589.0,3.911,175292.0,265235.0,451367.0,http://www.tng-project.org/api/TNG-Cluster/snapshots/99/subhalos/425/cutout.hdf5,0.094
430,0,2198.3,0.801552,0.218032,174690.0,266498.0,449633.0,8.002,175292.0,265235.0,451367.0,http://www.tng-project.org/api/TNG-Cluster/snapshots/99/subhalos/430/cutout.hdf5,1.3312
437,0,2198.3,0.371531,0.287292,174447.0,266537.0,449619.0,4.576,175292.0,265235.0,451367.0,http://www.tng-project.org/api/TNG-Cluster/snapshots/99/subhalos/437/cutout.hdf5,0.6174
440,0,2198.3,0.053059,0.394808,174437.0,265338.0,452899.0,1.656,175292.0,265235.0,451367.0,http://www.tng-project.org/api/TNG-Cluster/snapshots/99/subhalos/440/cutout.hdf5,0.1044
442,0,2198.3,1.19607,0.092487,172044.0,257505.0,454637.0,14.849,175292.0,265235.0,451367.0,http://www.tng-project.org/api/TNG-Cluster/snapshots/99/subhalos/442/cutout.hdf5,0.1044
445,0,2198.3,0.529042,0.089727,173044.0,258544.0,454336.0,10.51,175292.0,265235.0,451367.0,http://www.tng-project.org/api/TNG-Cluster/snapshots/99/subhalos/445/cutout.hdf5,0.2521
457,0,2198.3,0.005512,0.84578,173818.0,265719.0,449888.0,28.153,175292.0,265235.0,451367.0,http://www.tng-project.org/api/TNG-Cluster/snapshots/99/subhalos/457/cutout.hdf5,0.0
460,0,2198.3,0.056598,0.215143,174878.0,261484.0,454942.0,1.658,175292.0,265235.0,451367.0,http://www.tng-project.org/api/TNG-Cluster/snapshots/99/subhalos/460/cutout.hdf5,0.1305
467,0,2198.3,0.39425,0.359257,172768.0,260540.0,454233.0,11.959,175292.0,265235.0,451367.0,http://www.tng-project.org/api/TNG-Cluster/snapshots/99/subhalos/467/cutout.hdf5,0.2229
470,0,2198.3,1.08111,0.39102,173055.0,259766.0,453030.0,17.04,175292.0,265235.0,451367.0,http://www.tng-project.org/api/TNG-Cluster/snapshots/99/subhalos/470/cutout.hdf5,1.21
477,0,2198.3,0.329665,0.052004,175837.0,263561.0,452839.0,8.551,175292.0,265235.0,451367.0,http://www.tng-project.org/api/TNG-Cluster/snapshots/99/subhalos/477/cutout.hdf5,0.236
481,0,2198.3,0.406439,0.417896,172512.0,258485.0,454664.0,4.07,175292.0,265235.0,451367.0,http://www.tng-project.org/api/TNG-Cluster/snapshots/99/subhalos/481/cutout.hdf5,1.1775
487,0,2198.3,0.002383,0.807402,173655.0,265814.0,449574.0,20.08,175292.0,265235.0,451367.0,http://www.tng-project.org/api/TNG-Cluster/snapshots/99/subhalos/487/cutout.hdf5,0.0
489,0,2198.3,0.366202,0.150434,175961.0,268320.0,449736.0,7.586,175292.0,265235.0,451367.0,http://www.tng-project.org/api/TNG-Cluster/snapshots/99/subhalos/489/cutout.hdf5,0.277
491,0,2198.3,0.217485,0.059765,175115.0,263938.0,453341.0,3.205,175292.0,265235.0,451367.0,http://www.tng-project.org/api/TNG-Cluster/snapshots/99/subhalos/491/cutout.hdf5,0.401
493,0,2198.3,0.742578,0.467234,174756.0,267358.0,449160.0,6.959,175292.0,265235.0,451367.0,http://www.tng-project.org/api/TNG-Cluster/snapshots/99/subhalos/493/cutout.hdf5,0.8298
497,0,2198.3,0.64921,0.300383,173885.0,259353.0,453684.0,7.596,175292.0,265235.0,451367.0,http://www.tng-project.org/api/TNG-Cluster/snapshots/99/subhalos/497/cutout.hdf5,1.223
509,0,2198.3,0.122323,0.212514,176494.0,267574.0,450527.0,4.403,175292.0,265235.0,451367.0,http://www.tng-project.org/api/TNG-Cluster/snapshots/99/subhalos/509/cutout.hdf5,0.0913
510,0,2198.3,0.12525,0.342343,175384.0,264460.0,452689.0,2.653,175292.0,265235.0,451367.0,http://www.tng-project.org/api/TNG-Cluster/snapshots/99/subhalos/510/cutout.hdf5,0.2694
515,0,2198.3,0.366604,0.05434,173999.0,267807.0,449433.0,7.407,175292.0,265235.0,451367.0,http://www.tng-project.org/api/TNG-Cluster/snapshots/99/subhalos/515/cutout.hdf5,0.2172
523,0,2198.3,0.029151,0.216321,175580.0,262670.0,454804.0,1.786,175292.0,265235.0,451367.0,http://www.tng-project.org/api/TNG-Cluster/snapshots/99/subhalos/523/cutout.hdf5,0.0165
527,0,2198.3,0.284489,0.070379,173745.0,267467.0,449659.0,6.878,175292.0,265235.0,451367.0,http://www.tng-project.org/api/TNG-Cluster/snapshots/99/subhalos/527/cutout.hdf5,0.1802
528,0,2198.3,0.001739,0.46818,174834.0,265169.0,451729.0,38.324,175292.0,265235.0,451367.0,http://www.tng-project.org/api/TNG-Cluster/snapshots/99/subhalos/528/cutout.hdf5,0.0024
541,0,2198.3,0.337633,0.861346,175664.0,266928.0,449261.0,8.144,175292.0,265235.0,451367.0,http://www.tng-project.org/api/TNG-Cluster/snapshots/99/subhalos/541/cutout.hdf5,0.1172
542,0,2198.3,0.141155,0.870663,172398.0,258411.0,454773.0,4.403,175292.0,265235.0,451367.0,http://www.tng-project.org/api/TNG-Cluster/snapshots/99/subhalos/542/cutout.hdf5,0.1451
560,0,2198.3,0.30247,0.153409,175368.0,260181.0,454839.0,5.168,175292.0,265235.0,451367.0,http://www.tng-project.org/api/TNG-Cluster/snapshots/99/subhalos/560/cutout.hdf5,0.2264
565,0,2198.3,0.618399,0.074922,174321.0,268359.0,449727.0,13.563,175292.0,265235.0,451367.0,http://www.tng-project.org/api/TNG-Cluster/snapshots/99/subhalos/565/cutout.hdf5,0.1345
566,0,2198.3,0.013577,0.042084,175718.0,260713.0,455581.0,3.647,175292.0,265235.0,451367.0,http://www.tng-project.org/api/TNG-Cluster/snapshots/99/subhalos/566/cutout.hdf5,0.0
569,0,2198.3,0.441949,0.066373,174738.0,258587.0,452616.0,9.995,175292.0,265235.0,451367.0,http://www.tng-project.org/api/TNG-Cluster/snapshots/99/subhalos/569/cutout.hdf5,0.1124
570,0,2198.3,0.128453,0.531116,176052.0,267464.0,449292.0,5.924,175292.0,265235.0,451367.0,http://www.tng-project.org/api/TNG-Cluster/snapshots/99/subhalos/570/cutout.hdf5,0.1306
576,0,2198.3,0.077664,0.027754,176291.0,262266.0,452050.0,3.758,175292.0,265235.0,451367.0,http://www.tng-project.org/api/TNG-Cluster/snapshots/99/subhalos/576/cutout.hdf5,0.0284
601,0,2198.3,0.137456,0.432972,174966.0,261105.0,455691.0,2.579,175292.0,265235.0,451367.0,http://www.tng-project.org/api/TNG-Cluster/snapshots/99/subhalos/601/cutout.hdf5,0.3119
612,0,2198.3,0.103623,0.113717,173857.0,265580.0,451314.0,11.851,175292.0,265235.0,451367.0,http://www.tng-project.org/api/TNG-Cluster/snapshots/99/subhalos/612/cutout.hdf5,0.0128
613,0,2198.3,0.08736,0.054219,174126.0,261930.0,452516.0,3.082,175292.0,265235.0,451367.0,http://www.tng-project.org/api/TNG-Cluster/snapshots/99/subhalos/613/cutout.hdf5,0.0647
625,0,2198.3,0.259499,0.14458,174182.0,261893.0,455752.0,9.605,175292.0,265235.0,451367.0,http://www.tng-project.org/api/TNG-Cluster/snapshots/99/subhalos/625/cutout.hdf5,0.0825
635,0,2198.3,0.049908,0.209249,175287.0,264208.0,451904.0,16.084,175292.0,265235.0,451367.0,http://www.tng-project.org/api/TNG-Cluster/snapshots/99/subhalos/635/cutout.hdf5,0.0
648,0,2198.3,0.053387,0.217354,174965.0,260354.0,453020.0,22.172,175292.0,265235.0,451367.0,http://www.tng-project.org/api/TNG-Cluster/snapshots/99/subhalos/648/cutout.hdf5,0.0
666,0,2198.3,0.563866,0.116243,172249.0,266415.0,450019.0,14.876,175292.0,265235.0,451367.0,http://www.tng-project.org/api/TNG-Cluster/snapshots/99/subhalos/666/cutout.hdf5,0.1592
671,0,2198.3,0.382001,0.145482,176283.0,262595.0,452932.0,6.045,175292.0,265235.0,451367.0,http://www.tng-project.org/api/TNG-Cluster/snapshots/99/subhalos/671/cutout.hdf5,1.0583
680,0,2198.3,0.002657,0.085952,176172.0,266394.0,450824.0,20.052,175292.0,265235.0,451367.0,http://www.tng-project.org/api/TNG-Cluster/snapshots/99/subhalos/680/cutout.hdf5,0.0
688,0,2198.3,0.412721,0.083136,174669.0,259702.0,454552.0,6.799,175292.0,265235.0,451367.0,http://www.tng-project.org/api/TNG-Cluster/snapshots/99/subhalos/688/cutout.hdf5,0.202
691,0,2198.3,0.004486,0.167705,175186.0,265970.0,450450.0,8.562,175292.0,265235.0,451367.0,http://www.tng-project.org/api/TNG-Cluster/snapshots/99/subhalos/691/cutout.hdf5,0.0
693,0,2198.3,0.521756,0.137988,176236.0,260513.0,453539.0,7.887,175292.0,265235.0,451367.0,http://www.tng-project.org/api/TNG-Cluster/snapshots/99/subhalos/693/cutout.hdf5,0.2512
703,0,2198.3,0.179226,0.031662,173964.0,264415.0,453436.0,4.94,175292.0,265235.0,451367.0,http://www.tng-project.org/api/TNG-Cluster/snapshots/99/subhalos/703/cutout.hdf5,0.1221
704,0,2198.3,0.318535,0.073738,171963.0,258414.0,454691.0,5.387,175292.0,265235.0,451367.0,http://www.tng-project.org/api/TNG-Cluster/snapshots/99/subhalos/704/cutout.hdf5,0.2489
741,0,2198.3,0.096601,0.02502,172764.0,258393.0,453869.0,3.635,175292.0,265235.0,451367.0,http://www.tng-project.org/api/TNG-Cluster/snapshots/99/subhalos/741/cutout.hdf5,0.0551
764,0,2198.3,0.047382,0.081431,174660.0,261905.0,451998.0,2.338,175292.0,265235.0,451367.0,http://www.tng-project.org/api/TNG-Cluster/snapshots/99/subhalos/764/cutout.hdf5,0.0256
794,0,2198.3,0.041759,0.143369,174733.0,267213.0,449194.0,3.694,175292.0,265235.0,451367.0,http://www.tng-project.org/api/TNG-Cluster/snapshots/99/subhalos/794/cutout.hdf5,0.0
798,0,2198.3,0.038921,0.0125,173307.0,259249.0,453691.0,3.431,175292.0,265235.0,451367.0,http://www.tng-project.org/api/TNG-Cluster/snapshots/99/subhalos/798/cutout.hdf5,0.0
810,0,2198.3,0.154117,0.053178,175742.0,260427.0,455615.0,4.349,175292.0,265235.0,451367.0,http://www.tng-project.org/api/TNG-Cluster/snapshots/99/subhalos/810/cutout.hdf5,0.1176
817,0,2198.3,0.031233,0.293759,174500.0,267335.0,449247.0,6.57,175292.0,265235.0,451367.0,http://www.tng-project.org/api/TNG-Cluster/snapshots/99/subhalos/817/cutout.hdf5,0.0
823,0,2198.3,0.041812,0.210002,176904.0,267381.0,450290.0,13.918,175292.0,265235.0,451367.0,http://www.tng-project.org/api/TNG-Cluster/snapshots/99/subhalos/823/cutout.hdf5,0.0
855,0,2198.3,0.032415,0.008839,175292.0,260137.0,455686.0,3.51,175292.0,265235.0,451367.0,http://www.tng-project.org/api/TNG-Cluster/snapshots/99/subhalos/855/cutout.hdf5,0.0
856,0,2198.3,0.011988,0.038561,175020.0,267896.0,450116.0,1.556,175292.0,265235.0,451367.0,http://www.tng-project.org/api/TNG-Cluster/snapshots/99/subhalos/856/cutout.hdf5,0.0
876,0,2198.3,0.054704,0.35632,177142.0,267396.0,450269.0,6.61,175292.0,265235.0,451367.0,http://www.tng-project.org/api/TNG-Cluster/snapshots/99/subhalos/876/cutout.hdf5,0.0066
912,0,2198.3,0.126153,0.018589,176401.0,262810.0,453113.0,3.76,175292.0,265235.0,451367.0,http://www.tng-project.org/api/TNG-Cluster/snapshots/99/subhalos/912/cutout.hdf5,0.1064
941,0,2198.3,0.125621,0.049836,176151.0,264219.0,454339.0,5.154,175292.0,265235.0,451367.0,http://www.tng-project.org/api/TNG-Cluster/snapshots/99/subhalos/941/cutout.hdf5,0.0503
966,0,2198.3,0.024409,0.155221,173111.0,258096.0,454592.0,18.567,175292.0,265235.0,451367.0,http://www.tng-project.org/api/TNG-Cluster/snapshots/99/subhalos/966/cutout.hdf5,0.0
971,0,2198.3,0.270551,0.131287,176921.0,268109.0,450436.0,5.339,175292.0,265235.0,451367.0,http://www.tng-project.org/api/TNG-Cluster/snapshots/99/subhalos/971/cutout.hdf5,0.1781
1014,0,2198.3,0.136583,0.053354,172521.0,258539.0,454349.0,10.421,175292.0,265235.0,451367.0,http://www.tng-project.org/api/TNG-Cluster/snapshots/99/subhalos/1014/cutout.hdf5,0.0039
1045,0,2198.3,0.073799,0.006067,173438.0,259596.0,453830.0,4.833,175292.0,265235.0,451367.0,http://www.tng-project.org/api/TNG-Cluster/snapshots/99/subhalos/1045/cutout.hdf5,0.0
1047,0,2198.3,0.216416,0.0235,173853.0,259696.0,454097.0,6.181,175292.0,265235.0,451367.0,http://www.tng-project.org/api/TNG-Cluster/snapshots/99/subhalos/1047/cutout.hdf5,0.0428
1072,0,2198.3,0.155321,0.162338,174836.0,267245.0,451400.0,3.981,175292.0,265235.0,451367.0,http://www.tng-project.org/api/TNG-Cluster/snapshots/99/subhalos/1072/cutout.hdf5,0.1475
1110,0,2198.3,0.158792,0.097245,174960.0,261144.0,455606.0,4.034,175292.0,265235.0,451367.0,http://www.tng-project.org/api/TNG-Cluster/snapshots/99/subhalos/1110/cutout.hdf5,0.1176
1132,0,2198.3,0.0816,0.003224,173061.0,258560.0,454774.0,3.902,175292.0,265235.0,451367.0,http://www.tng-project.org/api/TNG-Cluster/snapshots/99/subhalos/1132/cutout.hdf5,0.0133
1161,0,2198.3,0.032687,0.003921,171995.0,266204.0,449512.0,3.908,175292.0,265235.0,451367.0,http://www.tng-project.org/api/TNG-Cluster/snapshots/99/subhalos/1161/cutout.hdf5,0.0
1167,0,2198.3,0.039136,0.002245,176012.0,264556.0,454326.0,3.523,175292.0,265235.0,451367.0,http://www.tng-project.org/api/TNG-Cluster/snapshots/99/subhalos/1167/cutout.hdf5,0.0
1195,0,2198.3,0.059044,0.032101,174636.0,259002.0,452655.0,4.858,175292.0,265235.0,451367.0,http://www.tng-project.org/api/TNG-Cluster/snapshots/99/subhalos/1195/cutout.hdf5,0.0
1201,0,2198.3,0.003717,0.005366,172143.0,258267.0,454256.0,4.044,175292.0,265235.0,451367.0,http://www.tng-project.org/api/TNG-Cluster/snapshots/99/subhalos/1201/cutout.hdf5,0.0
1281,0,2198.3,0.048917,0.036378,174664.0,262470.0,453685.0,2.959,175292.0,265235.0,451367.0,http://www.tng-project.org/api/TNG-Cluster/snapshots/99/subhalos/1281/cutout.hdf5,0.0407
1442,0,2198.3,0.085515,0.148529,177096.0,267322.0,450416.0,5.074,175292.0,265235.0,451367.0,http://www.tng-project.org/api/TNG-Cluster/snapshots/99/subhalos/1442/cutout.hdf5,0.023
1445,0,2198.3,0.010024,0.157687,174716.0,262449.0,453563.0,12.095,175292.0,265235.0,451367.0,http://www.tng-project.org/api/TNG-Cluster/snapshots/99/subhalos/1445/cutout.hdf5,0.0
1628,0,2198.3,0.183173,0.03557,174698.0,259656.0,454515.0,6.721,175292.0,265235.0,451367.0,http://www.tng-project.org/api/TNG-Cluster/snapshots/99/subhalos/1628/cutout.hdf5,0.0433
1682,0,2198.3,0.059592,0.002142,176587.0,262885.0,453080.0,3.201,175292.0,265235.0,451367.0,http://www.tng-project.org/api/TNG-Cluster/snapshots/99/subhalos/1682/cutout.hdf5,0.005
1683,0,2198.3,0.002218,0.278667,172498.0,258281.0,454115.0,2.051,175292.0,265235.0,451367.0,http://www.tng-project.org/api/TNG-Cluster/snapshots/99/subhalos/1683/cutout.hdf5,0.0
1688,0,2198.3,0.05701,0.013493,172020.0,266525.0,449422.0,6.151,175292.0,265235.0,451367.0,http://www.tng-project.org/api/TNG-Cluster/snapshots/99/subhalos/1688/cutout.hdf5,0.0
1766,0,2198.3,0.029937,0.000835,174469.0,258228.0,454564.0,5.779,175292.0,265235.0,451367.0,http://www.tng-project.org/api/TNG-Cluster/snapshots/99/subhalos/1766/cutout.hdf5,0.0
1842,0,2198.3,0.014866,0.003358,175533.0,267919.0,449415.0,20.512,175292.0,265235.0,451367.0,http://www.tng-project.org/api/TNG-Cluster/snapshots/99/subhalos/1842/cutout.hdf5,0.0
1849,0,2198.3,0.10856,0.047085,175414.0,260088.0,456120.0,3.829,175292.0,265235.0,451367.0,http://www.tng-project.org/api/TNG-Cluster/snapshots/99/subhalos/1849/cutout.hdf5,0.0523
1976,0,2198.3,0.015368,0.001103,174350.0,258656.0,454655.0,1.54,175292.0,265235.0,451367.0,http://www.tng-project.org/api/TNG-Cluster/snapshots/99/subhalos/1976/cutout.hdf5,0.0
23207,1,573.7,40.1717,23.054,174559.0,262523.0,459577.0,166.355,174061.0,263492.0,460510.0,http://www.tng-project.org/api/TNG-Cluster/snapshots/99/subhalos/23207/cutout.hdf5,0.0
23208,1,573.7,8.89221,14.6355,175723.0,262811.0,459346.0,214.104,174061.0,263492.0,460510.0,http://www.tng-project.org/api/TNG-Cluster/snapshots/99/subhalos/23208/cutout.hdf5,0.0
23209,1,573.7,0.057788,13.4346,174719.0,263047.0,460462.0,32.964,174061.0,263492.0,460510.0,http://www.tng-project.org/api/TNG-Cluster/snapshots/99/subhalos/23209/cutout.hdf5,0.0
23210,1,573.7,0.126153,10.6082,174603.0,263117.0,461038.0,162.036,174061.0,263492.0,460510.0,http://www.tng-project.org/api/TNG-Cluster/snapshots/99/subhalos/23210/cutout.hdf5,0.0
23212,1,573.7,3.65604,4.60834,174159.0,263392.0,461457.0,23.943,174061.0,263492.0,460510.0,http://www.tng-project.org/api/TNG-Cluster/snapshots/99/subhalos/23212/cutout.hdf5,1.1477
23213,1,573.7,1.45798,6.2323,174372.0,263640.0,460528.0,34.781,174061.0,263492.0,460510.0,http://www.tng-project.org/api/TNG-Cluster/snapshots/99/subhalos/23213/cutout.hdf5,0.9127
23214,1,573.7,0.843509,4.43484,174001.0,262976.0,461187.0,56.862,174061.0,263492.0,460510.0,http://www.tng-project.org/api/TNG-Cluster/snapshots/99/subhalos/23214/cutout.hdf5,0.1006
23218,1,573.7,0.471881,2.00864,173159.0,263377.0,460608.0,33.387,174061.0,263492.0,460510.0,http://www.tng-project.org/api/TNG-Cluster/snapshots/99/subhalos/23218/cutout.hdf5,0.0
23219,1,573.7,0.630346,1.99301,174549.0,263867.0,460364.0,50.345,174061.0,263492.0,460510.0,http://www.tng-project.org/api/TNG-Cluster/snapshots/99/subhalos/23219/cutout.hdf5,0.0184
23221,1,573.7,1.26914,1.32947,173882.0,262494.0,459448.0,13.021,174061.0,263492.0,460510.0,http://www.tng-project.org/api/TNG-Cluster/snapshots/99/subhalos/23221/cutout.hdf5,0.6204
23222,1,573.7,0.735912,1.33415,175071.0,263432.0,460845.0,7.893,174061.0,263492.0,460510.0,http://www.tng-project.org/api/TNG-Cluster/snapshots/99/subhalos/23222/cutout.hdf5,0.7533
23223,1,573.7,0.261445,1.68196,174561.0,263494.0,461157.0,3.99,174061.0,263492.0,460510.0,http://www.tng-project.org/api/TNG-Cluster/snapshots/99/subhalos/23223/cutout.hdf5,0.4267
23226,1,573.7,0.806755,0.479936,174982.0,263066.0,460858.0,8.649,174061.0,263492.0,460510.0,http://www.tng-project.org/api/TNG-Cluster/snapshots/99/subhalos/23226/cutout.hdf5,0.6097
23227,1,573.7,0.144937,0.53401,174675.0,262144.0,459618.0,3.878,174061.0,263492.0,460510.0,http://www.tng-project.org/api/TNG-Cluster/snapshots/99/subhalos/23227/cutout.hdf5,0.228
23229,1,573.7,0.141919,0.524672,174628.0,262211.0,459908.0,6.233,174061.0,263492.0,460510.0,http://www.tng-project.org/api/TNG-Cluster/snapshots/99/subhalos/23229/cutout.hdf5,0.0824
23234,1,573.7,0.031147,0.452189,174115.0,263596.0,461938.0,3.266,174061.0,263492.0,460510.0,http://www.tng-project.org/api/TNG-Cluster/snapshots/99/subhalos/23234/cutout.hdf5,0.0043
23235,1,573.7,0.476168,0.860533,174023.0,263168.0,461067.0,4.608,174061.0,263492.0,460510.0,http://www.tng-project.org/api/TNG-Cluster/snapshots/99/subhalos/23235/cutout.hdf5,1.201
23236,1,573.7,0.11596,0.774264,174324.0,263583.0,460416.0,8.986,174061.0,263492.0,460510.0,http://www.tng-project.org/api/TNG-Cluster/snapshots/99/subhalos/23236/cutout.hdf5,0.0674
23242,1,573.7,0.672772,0.673017,174032.0,263006.0,461114.0,4.604,174061.0,263492.0,460510.0,http://www.tng-project.org/api/TNG-Cluster/snapshots/99/subhalos/23242/cutout.hdf5,2.4831
23243,1,573.7,0.032072,0.083703,174705.0,262098.0,458913.0,6.171,174061.0,263492.0,460510.0,http://www.tng-project.org/api/TNG-Cluster/snapshots/99/subhalos/23243/cutout.hdf5,0.0
23244,1,573.7,0.000887,0.188082,173772.0,262909.0,460781.0,0.0,174061.0,263492.0,460510.0,http://www.tng-project.org/api/TNG-Cluster/snapshots/99/subhalos/23244/cutout.hdf5,0.0
23245,1,573.7,0.496397,0.132849,174390.0,263363.0,460460.0,5.638,174061.0,263492.0,460510.0,http://www.tng-project.org/api/TNG-Cluster/snapshots/99/subhalos/23245/cutout.hdf5,0.7453
23246,1,573.7,1.04757,0.338727,175084.0,262536.0,460978.0,15.306,174061.0,263492.0,460510.0,http://www.tng-project.org/api/TNG-Cluster/snapshots/99/subhalos/23246/cutout.hdf5,0.2448
23247,1,573.7,0.723865,0.276229,174585.0,263928.0,460452.0,7.799,174061.0,263492.0,460510.0,http://www.tng-project.org/api/TNG-Cluster/snapshots/99/subhalos/23247/cutout.hdf5,0.4013
23250,1,573.7,0.054311,0.127936,174250.0,263495.0,460297.0,3.731,174061.0,263492.0,460510.0,http://www.tng-project.org/api/TNG-Cluster/snapshots/99/subhalos/23250/cutout.hdf5,0.033
23252,1,573.7,0.08718,0.406771,174772.0,263230.0,460538.0,6.681,174061.0,263492.0,460510.0,http://www.tng-project.org/api/TNG-Cluster/snapshots/99/subhalos/23252/cutout.hdf5,0.0046
23255,1,573.7,0.03203,0.037493,174708.0,263352.0,461276.0,6.096,174061.0,263492.0,460510.0,http://www.tng-project.org/api/TNG-Cluster/snapshots/99/subhalos/23255/cutout.hdf5,0.0
23256,1,573.7,0.175672,0.077619,174621.0,263213.0,461133.0,3.781,174061.0,263492.0,460510.0,http://www.tng-project.org/api/TNG-Cluster/snapshots/99/subhalos/23256/cutout.hdf5,0.2739
23260,1,573.7,0.00897,0.056045,173810.0,262442.0,459217.0,30.819,174061.0,263492.0,460510.0,http://www.tng-project.org/api/TNG-Cluster/snapshots/99/subhalos/23260/cutout.hdf5,0.0
23262,1,573.7,0.817982,2.02345,174216.0,263780.0,460435.0,3.189,174061.0,263492.0,460510.0,http://www.tng-project.org/api/TNG-Cluster/snapshots/99/subhalos/23262/cutout.hdf5,4.8361
23265,1,573.7,0.280417,0.171353,174756.0,263415.0,461152.0,10.277,174061.0,263492.0,460510.0,http://www.tng-project.org/api/TNG-Cluster/snapshots/99/subhalos/23265/cutout.hdf5,0.1155
23287,1,573.7,0.001384,0.061405,174799.0,263792.0,461022.0,0.0,174061.0,263492.0,460510.0,http://www.tng-project.org/api/TNG-Cluster/snapshots/99/subhalos/23287/cutout.hdf5,0.0
23291,1,573.7,0.012531,0.039076,174416.0,263448.0,460997.0,15.936,174061.0,263492.0,460510.0,http://www.tng-project.org/api/TNG-Cluster/snapshots/99/subhalos/23291/cutout.hdf5,0.0
23313,1,573.7,0.105312,0.185191,174174.0,263388.0,461447.0,0.676,174061.0,263492.0,460510.0,http://www.tng-project.org/api/TNG-Cluster/snapshots/99/subhalos/23313/cutout.hdf5,1.6318
23317,1,573.7,0.001094,0.004061,173986.0,263109.0,461278.0,0.0,174061.0,263492.0,460510.0,http://www.tng-project.org/api/TNG-Cluster/snapshots/99/subhalos/23317/cutout.hdf5,0.0
23443,1,573.7,0.00258,0.004708,174026.0,263008.0,461145.0,5.497,174061.0,263492.0,460510.0,http://www.tng-project.org/api/TNG-Cluster/snapshots/99/subhalos/23443/cutout.hdf5,0.0
23566,1,573.7,0.002331,0.003211,173981.0,263106.0,461299.0,4.919,174061.0,263492.0,460510.0,http://www.tng-project.org/api/TNG-Cluster/snapshots/99/subhalos/23566/cutout.hdf5,0.0
24688,2,848.0,24.0348,5.19747,178677.0,270864.0,447921.0,186.282,179739.0,270246.0,448870.0,http://www.tng-project.org/api/TNG-Cluster/snapshots/99/subhalos/24688/cutout.hdf5,0.0
24689,2,848.0,0.077424,25.6238,179772.0,270360.0,448891.0,6.62,179739.0,270246.0,448870.0,http://www.tng-project.org/api/TNG-Cluster/snapshots/99/subhalos/24689/cutout.hdf5,0.0852
24690,2,848.0,0.131426,5.33864,179259.0,271540.0,448988.0,33.316,179739.0,270246.0,448870.0,http://www.tng-project.org/api/TNG-Cluster/snapshots/99/subhalos/24690/cutout.hdf5,0.0
24691,2,848.0,0.032726,5.19437,179292.0,271082.0,448292.0,16.329,179739.0,270246.0,448870.0,http://www.tng-project.org/api/TNG-Cluster/snapshots/99/subhalos/24691/cutout.hdf5,0.0
24692,2,848.0,1.59567,6.28391,180327.0,271364.0,448121.0,63.005,179739.0,270246.0,448870.0,http://www.tng-project.org/api/TNG-Cluster/snapshots/99/subhalos/24692/cutout.hdf5,0.0
24693,2,848.0,1.19244,1.84889,180401.0,271658.0,449133.0,81.923,179739.0,270246.0,448870.0,http://www.tng-project.org/api/TNG-Cluster/snapshots/99/subhalos/24693/cutout.hdf5,0.0
24696,2,848.0,0.556624,2.10697,178910.0,271212.0,448680.0,30.143,179739.0,270246.0,448870.0,http://www.tng-project.org/api/TNG-Cluster/snapshots/99/subhalos/24696/cutout.hdf5,0.0
24697,2,848.0,3.41594,1.17874,179738.0,269714.0,449866.0,27.018,179739.0,270246.0,448870.0,http://www.tng-project.org/api/TNG-Cluster/snapshots/99/subhalos/24697/cutout.hdf5,0.9053
24698,2,848.0,3.87138,1.22255,180466.0,271457.0,449214.0,16.041,179739.0,270246.0,448870.0,http://www.tng-project.org/api/TNG-Cluster/snapshots/99/subhalos/24698/cutout.hdf5,4.1625
24703,2,848.0,2.50964,0.457903,180203.0,270714.0,448761.0,15.591,179739.0,270246.0,448870.0,http://www.tng-project.org/api/TNG-Cluster/snapshots/99/subhalos/24703/cutout.hdf5,0.7604
24705,2,848.0,1.84824,0.575281,180442.0,271691.0,448928.0,19.303,179739.0,270246.0,448870.0,http://www.tng-project.org/api/TNG-Cluster/snapshots/99/subhalos/24705/cutout.hdf5,2.32
24707,2,848.0,0.109505,0.716638,179178.0,271257.0,448514.0,9.403,179739.0,270246.0,448870.0,http://www.tng-project.org/api/TNG-Cluster/snapshots/99/subhalos/24707/cutout.hdf5,0.0108
24709,2,848.0,0.580044,0.646172,180190.0,270448.0,448784.0,8.752,179739.0,270246.0,448870.0,http://www.tng-project.org/api/TNG-Cluster/snapshots/99/subhalos/24709/cutout.hdf5,0.5522
24716,2,848.0,0.611148,0.28303,180365.0,270761.0,448122.0,11.462,179739.0,270246.0,448870.0,http://www.tng-project.org/api/TNG-Cluster/snapshots/99/subhalos/24716/cutout.hdf5,0.2252
24719,2,848.0,0.375171,0.755859,178788.0,270815.0,447929.0,5.42,179739.0,270246.0,448870.0,http://www.tng-project.org/api/TNG-Cluster/snapshots/99/subhalos/24719/cutout.hdf5,0.5305
24721,2,848.0,0.787261,0.366801,180388.0,271518.0,449272.0,12.595,179739.0,270246.0,448870.0,http://www.tng-project.org/api/TNG-Cluster/snapshots/99/subhalos/24721/cutout.hdf5,0.5662
24723,2,848.0,0.335366,0.658517,179828.0,270242.0,448762.0,3.775,179739.0,270246.0,448870.0,http://www.tng-project.org/api/TNG-Cluster/snapshots/99/subhalos/24723/cutout.hdf5,0.5499
24726,2,848.0,0.386113,0.332441,179064.0,271115.0,447798.0,6.869,179739.0,270246.0,448870.0,http://www.tng-project.org/api/TNG-Cluster/snapshots/99/subhalos/24726/cutout.hdf5,0.6398
24727,2,848.0,0.391807,0.23589,178480.0,270949.0,448014.0,7.776,179739.0,270246.0,448870.0,http://www.tng-project.org/api/TNG-Cluster/snapshots/99/subhalos/24727/cutout.hdf5,0.1752
24732,2,848.0,0.001059,0.054793,179386.0,269828.0,448001.0,0.0,179739.0,270246.0,448870.0,http://www.tng-project.org/api/TNG-Cluster/snapshots/99/subhalos/24732/cutout.hdf5,0.0
24734,2,848.0,0.021903,0.082427,179943.0,271369.0,447823.0,3.783,179739.0,270246.0,448870.0,http://www.tng-project.org/api/TNG-Cluster/snapshots/99/subhalos/24734/cutout.hdf5,0.0
24753,2,848.0,0.386827,0.054915,180425.0,271723.0,448987.0,10.74,179739.0,270246.0,448870.0,http://www.tng-project.org/api/TNG-Cluster/snapshots/99/subhalos/24753/cutout.hdf5,0.1228
24761,2,848.0,0.254863,0.070998,180406.0,271681.0,448978.0,7.94,179739.0,270246.0,448870.0,http://www.tng-project.org/api/TNG-Cluster/snapshots/99/subhalos/24761/cutout.hdf5,0.148
24786,2,848.0,0.049923,0.004432,179870.0,269144.0,449039.0,3.427,179739.0,270246.0,448870.0,http://www.tng-project.org/api/TNG-Cluster/snapshots/99/subhalos/24786/cutout.hdf5,0.0047
25758,3,604.2,155.104,29.4861,170753.0,252114.0,458475.0,217.218,170166.0,251373.0,458452.0,http://www.tng-project.org/api/TNG-Cluster/snapshots/99/subhalos/25758/cutout.hdf5,1.3355
25759,3,604.2,5.67926,2.68535,171076.0,253435.0,457849.0,82.081,170166.0,251373.0,458452.0,http://www.tng-project.org/api/TNG-Cluster/snapshots/99/subhalos/25759/cutout.hdf5,0.0
25760,3,604.2,2.73851,4.89862,171378.0,252095.0,457549.0,40.291,170166.0,251373.0,458452.0,http://www.tng-project.org/api/TNG-Cluster/snapshots/99/subhalos/25760/cutout.hdf5,0.025
25761,3,604.2,8.663,2.23504,170959.0,253708.0,458403.0,37.943,170166.0,251373.0,458452.0,http://www.tng-project.org/api/TNG-Cluster/snapshots/99/subhalos/25761/cutout.hdf5,0.225
25762,3,604.2,1.96892,2.65912,170494.0,253661.0,458403.0,112.98,170166.0,251373.0,458452.0,http://www.tng-project.org/api/TNG-Cluster/snapshots/99/subhalos/25762/cutout.hdf5,0.0
25763,3,604.2,0.093378,4.91801,170513.0,251680.0,458830.0,93.626,170166.0,251373.0,458452.0,http://www.tng-project.org/api/TNG-Cluster/snapshots/99/subhalos/25763/cutout.hdf5,0.0
25764,3,604.2,2.82901,1.88328,170387.0,250996.0,459273.0,32.532,170166.0,251373.0,458452.0,http://www.tng-project.org/api/TNG-Cluster/snapshots/99/subhalos/25764/cutout.hdf5,0.1306
25766,3,604.2,0.028746,3.0422,170435.0,252021.0,458082.0,99.189,170166.0,251373.0,458452.0,http://www.tng-project.org/api/TNG-Cluster/snapshots/99/subhalos/25766/cutout.hdf5,0.0
25769,3,604.2,1.49568,1.98543,170086.0,251517.0,458944.0,16.163,170166.0,251373.0,458452.0,http://www.tng-project.org/api/TNG-Cluster/snapshots/99/subhalos/25769/cutout.hdf5,0.3374
25770,3,604.2,1.69243,0.809723,171130.0,251531.0,458068.0,14.071,170166.0,251373.0,458452.0,http://www.tng-project.org/api/TNG-Cluster/snapshots/99/subhalos/25770/cutout.hdf5,1.9854
25773,3,604.2,0.979324,1.05944,170334.0,251744.0,458996.0,9.01,170166.0,251373.0,458452.0,http://www.tng-project.org/api/TNG-Cluster/snapshots/99/subhalos/25773/cutout.hdf5,1.3622
25775,3,604.2,0.880741,0.883985,171347.0,252261.0,458671.0,92.4,170166.0,251373.0,458452.0,http://www.tng-project.org/api/TNG-Cluster/snapshots/99/subhalos/25775/cutout.hdf5,0.5882
25776,3,604.2,0.32969,1.54835,171072.0,252367.0,458586.0,7.395,170166.0,251373.0,458452.0,http://www.tng-project.org/api/TNG-Cluster/snapshots/99/subhalos/25776/cutout.hdf5,0.364
25777,3,604.2,0.627,0.257289,171073.0,251881.0,457800.0,7.093,170166.0,251373.0,458452.0,http://www.tng-project.org/api/TNG-Cluster/snapshots/99/subhalos/25777/cutout.hdf5,0.6978
25779,3,604.2,0.732032,0.334743,170865.0,251680.0,458067.0,9.14,170166.0,251373.0,458452.0,http://www.tng-project.org/api/TNG-Cluster/snapshots/99/subhalos/25779/cutout.hdf5,0.5342
25781,3,604.2,0.169108,0.94202,170344.0,251716.0,458572.0,4.522,170166.0,251373.0,458452.0,http://www.tng-project.org/api/TNG-Cluster/snapshots/99/subhalos/25781/cutout.hdf5,0.3219
25782,3,604.2,0.518741,0.104279,170177.0,252016.0,458551.0,6.095,170166.0,251373.0,458452.0,http://www.tng-project.org/api/TNG-Cluster/snapshots/99/subhalos/25782/cutout.hdf5,0.4662
25783,3,604.2,0.102953,1.16503,170926.0,251799.0,458451.0,8.591,170166.0,251373.0,458452.0,http://www.tng-project.org/api/TNG-Cluster/snapshots/99/subhalos/25783/cutout.hdf5,0.0163
25784,3,604.2,1.35327,0.123124,170860.0,253290.0,457787.0,14.6,170166.0,251373.0,458452.0,http://www.tng-project.org/api/TNG-Cluster/snapshots/99/subhalos/25784/cutout.hdf5,0.2172
25785,3,604.2,0.251592,0.22397,170836.0,251698.0,457765.0,6.981,170166.0,251373.0,458452.0,http://www.tng-project.org/api/TNG-Cluster/snapshots/99/subhalos/25785/cutout.hdf5,0.3135
25786,3,604.2,0.485927,0.615046,171112.0,253364.0,457753.0,6.497,170166.0,251373.0,458452.0,http://www.tng-project.org/api/TNG-Cluster/snapshots/99/subhalos/25786/cutout.hdf5,1.0119
25787,3,604.2,0.983948,0.537541,170932.0,253342.0,457803.0,12.277,170166.0,251373.0,458452.0,http://www.tng-project.org/api/TNG-Cluster/snapshots/99/subhalos/25787/cutout.hdf5,0.1036
25790,3,604.2,0.093469,0.10651,170206.0,252096.0,458248.0,22.577,170166.0,251373.0,458452.0,http://www.tng-project.org/api/TNG-Cluster/snapshots/99/subhalos/25790/cutout.hdf5,0.0
25793,3,604.2,0.382094,0.545677,170898.0,252444.0,458940.0,9.262,170166.0,251373.0,458452.0,http://www.tng-project.org/api/TNG-Cluster/snapshots/99/subhalos/25793/cutout.hdf5,0.1142
25794,3,604.2,0.188406,0.175107,170226.0,252031.0,458416.0,5.023,170166.0,251373.0,458452.0,http://www.tng-project.org/api/TNG-Cluster/snapshots/99/subhalos/25794/cutout.hdf5,0.1839
25796,3,604.2,0.079619,0.054244,170433.0,252229.0,458617.0,20.742,170166.0,251373.0,458452.0,http://www.tng-project.org/api/TNG-Cluster/snapshots/99/subhalos/25796/cutout.hdf5,0.0
25799,3,604.2,0.221087,0.044923,170735.0,251417.0,458862.0,8.653,170166.0,251373.0,458452.0,http://www.tng-project.org/api/TNG-Cluster/snapshots/99/subhalos/25799/cutout.hdf5,0.058
25801,3,604.2,0.352967,0.165157,171001.0,251558.0,458048.0,7.424,170166.0,251373.0,458452.0,http://www.tng-project.org/api/TNG-Cluster/snapshots/99/subhalos/25801/cutout.hdf5,0.1843
25802,3,604.2,0.04233,0.041733,169892.0,251664.0,458899.0,3.231,170166.0,251373.0,458452.0,http://www.tng-project.org/api/TNG-Cluster/snapshots/99/subhalos/25802/cutout.hdf5,0.0
25803,3,604.2,0.016022,0.096157,170209.0,251813.0,458894.0,9.983,170166.0,251373.0,458452.0,http://www.tng-project.org/api/TNG-Cluster/snapshots/99/subhalos/25803/cutout.hdf5,0.0
25804,3,604.2,0.245992,0.346868,171216.0,252147.0,457449.0,8.1,170166.0,251373.0,458452.0,http://www.tng-project.org/api/TNG-Cluster/snapshots/99/subhalos/25804/cutout.hdf5,0.1447
25810,3,604.2,0.129667,0.058271,171089.0,251961.0,457613.0,5.669,170166.0,251373.0,458452.0,http://www.tng-project.org/api/TNG-Cluster/snapshots/99/subhalos/25810/cutout.hdf5,0.0721
25850,3,604.2,0.026429,0.000698,169986.0,252006.0,457836.0,2.596,170166.0,251373.0,458452.0,http://www.tng-project.org/api/TNG-Cluster/snapshots/99/subhalos/25850/cutout.hdf5,0.0
25852,3,604.2,0.010361,0.001294,170127.0,251802.0,457943.0,6.688,170166.0,251373.0,458452.0,http://www.tng-project.org/api/TNG-Cluster/snapshots/99/subhalos/25852/cutout.hdf5,0.0
25922,3,604.2,0.000718,0.003108,170232.0,251991.0,458503.0,0.0,170166.0,251373.0,458452.0,http://www.tng-project.org/api/TNG-Cluster/snapshots/99/subhalos/25922/cutout.hdf5,0.0
26831,4,816.5,0.126638,18.7852,183413.0,247825.0,453415.0,12.643,183540.0,247652.0,453756.0,http://www.tng-project.org/api/TNG-Cluster/snapshots/99/subhalos/26831/cutout.hdf5,0.0
26834,4,816.5,0.30653,1.70625,183432.0,247876.0,454324.0,5.419,183540.0,247652.0,453756.0,http://www.tng-project.org/api/TNG-Cluster/snapshots/99/subhalos/26834/cutout.hdf5,0.4533
27161,5,677.5,43.8071,13.9169,173838.0,270741.0,446631.0,206.645,174030.0,269382.0,447044.0,http://www.tng-project.org/api/TNG-Cluster/snapshots/99/subhalos/27161/cutout.hdf5,0.5832
27162,5,677.5,0.060105,10.6299,173851.0,270700.0,446123.0,22.521,174030.0,269382.0,447044.0,http://www.tng-project.org/api/TNG-Cluster/snapshots/99/subhalos/27162/cutout.hdf5,0.0
27163,5,677.5,0.366282,11.6223,174195.0,269728.0,446790.0,14.511,174030.0,269382.0,447044.0,http://www.tng-project.org/api/TNG-Cluster/snapshots/99/subhalos/27163/cutout.hdf5,0.0
27166,5,677.5,0.011582,1.5182,173654.0,270534.0,446550.0,9.332,174030.0,269382.0,447044.0,http://www.tng-project.org/api/TNG-Cluster/snapshots/99/subhalos/27166/cutout.hdf5,0.0
27170,5,677.5,0.588942,0.45912,173460.0,269133.0,446936.0,7.276,174030.0,269382.0,447044.0,http://www.tng-project.org/api/TNG-Cluster/snapshots/99/subhalos/27170/cutout.hdf5,0.6474
27205,5,677.5,0.221019,0.008457,173857.0,270818.0,446365.0,6.416,174030.0,269382.0,447044.0,http://www.tng-project.org/api/TNG-Cluster/snapshots/99/subhalos/27205/cutout.hdf5,0.0897
27524,6,592.8,12.8922,11.8158,173841.0,257252.0,455410.0,169.031,174074.0,256497.0,456186.0,http://www.tng-project.org/api/TNG-Cluster/snapshots/99/subhalos/27524/cutout.hdf5,0.0
27525,6,592.8,3.44191,15.1687,173781.0,256343.0,456110.0,50.44,174074.0,256497.0,456186.0,http://www.tng-project.org/api/TNG-Cluster/snapshots/99/subhalos/27525/cutout.hdf5,0.1763
27526,6,592.8,2.24959,4.51644,173062.0,257611.0,455688.0,73.552,174074.0,256497.0,456186.0,http://www.tng-project.org/api/TNG-Cluster/snapshots/99/subhalos/27526/cutout.hdf5,0.0062
27527,6,592.8,3.98851,2.11853,173361.0,257191.0,456561.0,18.272,174074.0,256497.0,456186.0,http://www.tng-project.org/api/TNG-Cluster/snapshots/99/subhalos/27527/cutout.hdf5,3.6162
27528,6,592.8,1.94449,1.71464,173067.0,257387.0,455739.0,11.473,174074.0,256497.0,456186.0,http://www.tng-project.org/api/TNG-Cluster/snapshots/99/subhalos/27528/cutout.hdf5,5.0092
27529,6,592.8,0.574618,1.7162,174490.0,256593.0,455729.0,51.93,174074.0,256497.0,456186.0,http://www.tng-project.org/api/TNG-Cluster/snapshots/99/subhalos/27529/cutout.hdf5,0.0
27530,6,592.8,0.108623,1.35677,173372.0,256972.0,456423.0,32.181,174074.0,256497.0,456186.0,http://www.tng-project.org/api/TNG-Cluster/snapshots/99/subhalos/27530/cutout.hdf5,0.0
27531,6,592.8,0.740216,0.063752,173579.0,257272.0,456032.0,13.634,174074.0,256497.0,456186.0,http://www.tng-project.org/api/TNG-Cluster/snapshots/99/subhalos/27531/cutout.hdf5,0.214
27533,6,592.8,0.13435,0.336524,174525.0,256002.0,456620.0,12.706,174074.0,256497.0,456186.0,http://www.tng-project.org/api/TNG-Cluster/snapshots/99/subhalos/27533/cutout.hdf5,0.0
27536,6,592.8,0.038051,0.028906,174787.0,256922.0,456172.0,5.287,174074.0,256497.0,456186.0,http://www.tng-project.org/api/TNG-Cluster/snapshots/99/subhalos/27536/cutout.hdf5,0.0
27537,6,592.8,0.77005,0.113278,173522.0,257410.0,455999.0,8.975,174074.0,256497.0,456186.0,http://www.tng-project.org/api/TNG-Cluster/snapshots/99/subhalos/27537/cutout.hdf5,0.295
27538,6,592.8,0.244232,0.512599,173960.0,257470.0,455398.0,8.192,174074.0,256497.0,456186.0,http://www.tng-project.org/api/TNG-Cluster/snapshots/99/subhalos/27538/cutout.hdf5,0.2338
27539,6,592.8,0.536706,0.195148,173038.0,257863.0,455336.0,7.899,174074.0,256497.0,456186.0,http://www.tng-project.org/api/TNG-Cluster/snapshots/99/subhalos/27539/cutout.hdf5,0.3071
27540,6,592.8,0.38449,0.837054,173776.0,256351.0,456082.0,2.785,174074.0,256497.0,456186.0,http://www.tng-project.org/api/TNG-Cluster/snapshots/99/subhalos/27540/cutout.hdf5,1.3672
27543,6,592.8,0.356642,0.224798,173646.0,257191.0,455574.0,11.676,174074.0,256497.0,456186.0,http://www.tng-project.org/api/TNG-Cluster/snapshots/99/subhalos/27543/cutout.hdf5,0.2153
27544,6,592.8,0.188,0.338852,173775.0,256200.0,456192.0,5.002,174074.0,256497.0,456186.0,http://www.tng-project.org/api/TNG-Cluster/snapshots/99/subhalos/27544/cutout.hdf5,0.1383
27550,6,592.8,0.003588,0.012179,173615.0,256684.0,456139.0,3.035,174074.0,256497.0,456186.0,http://www.tng-project.org/api/TNG-Cluster/snapshots/99/subhalos/27550/cutout.hdf5,0.0
27553,6,592.8,0.118435,0.008608,173275.0,257464.0,455910.0,7.543,174074.0,256497.0,456186.0,http://www.tng-project.org/api/TNG-Cluster/snapshots/99/subhalos/27553/cutout.hdf5,0.0
27558,6,592.8,0.051828,0.036349,174094.0,256089.0,455983.0,12.078,174074.0,256497.0,456186.0,http://www.tng-project.org/api/TNG-Cluster/snapshots/99/subhalos/27558/cutout.hdf5,0.0
27564,6,592.8,0.015475,0.003498,172941.0,257444.0,455839.0,6.324,174074.0,256497.0,456186.0,http://www.tng-project.org/api/TNG-Cluster/snapshots/99/subhalos/27564/cutout.hdf5,0.0
27575,6,592.8,0.008027,0.005811,172884.0,257460.0,455869.0,3.743,174074.0,256497.0,456186.0,http://www.tng-project.org/api/TNG-Cluster/snapshots/99/subhalos/27575/cutout.hdf5,0.0
27585,6,592.8,0.303683,0.013908,173702.0,256324.0,456110.0,4.387,174074.0,256497.0,456186.0,http://www.tng-project.org/api/TNG-Cluster/snapshots/99/subhalos/27585/cutout.hdf5,0.3804
27602,6,592.8,0.241643,0.002887,173582.0,256328.0,456214.0,4.654,174074.0,256497.0,456186.0,http://www.tng-project.org/api/TNG-Cluster/snapshots/99/subhalos/27602/cutout.hdf5,0.3138
27628,6,592.8,0.149022,0.000862,173545.0,256276.0,456243.0,5.395,174074.0,256497.0,456186.0,http://www.tng-project.org/api/TNG-Cluster/snapshots/99/subhalos/27628/cutout.hdf5,0.0085
28069,7,705.7,0.018495,1.23357,178856.0,277035.0,446720.0,32.27,178365.0,277170.0,447188.0,http://www.tng-project.org/api/TNG-Cluster/snapshots/99/subhalos/28069/cutout.hdf5,0.0
28070,7,705.7,0.06276,1.60462,178559.0,276986.0,446962.0,40.485,178365.0,277170.0,447188.0,http://www.tng-project.org/api/TNG-Cluster/snapshots/99/subhalos/28070/cutout.hdf5,0.0
28090,7,705.7,0.090436,1.10245,178414.0,277297.0,447147.0,2.29,178365.0,277170.0,447188.0,http://www.tng-project.org/api/TNG-Cluster/snapshots/99/subhalos/28090/cutout.hdf5,0.1947
28455,8,657.7,0.508376,25.9609,166108.0,252711.0,457372.0,30.915,166522.0,252991.0,457282.0,http://www.tng-project.org/api/TNG-Cluster/snapshots/99/subhalos/28455/cutout.hdf5,0.0054
28459,8,657.7,0.044691,0.717716,166192.0,252811.0,457441.0,3.408,166522.0,252991.0,457282.0,http://www.tng-project.org/api/TNG-Cluster/snapshots/99/subhalos/28459/cutout.hdf5,0.0
28712,9,594.5,2.37026,7.09029,177362.0,269362.0,449556.0,98.166,176793.0,269743.0,448559.0,http://www.tng-project.org/api/TNG-Cluster/snapshots/99/subhalos/28712/cutout.hdf5,0.0
28714,9,594.5,0.056637,2.90704,176566.0,269720.0,449602.0,26.039,176793.0,269743.0,448559.0,http://www.tng-project.org/api/TNG-Cluster/snapshots/99/subhalos/28714/cutout.hdf5,0.0
28718,9,594.5,0.279114,0.785142,177946.0,269249.0,449536.0,3.903,176793.0,269743.0,448559.0,http://www.tng-project.org/api/TNG-Cluster/snapshots/99/subhalos/28718/cutout.hdf5,0.4751
28719,9,594.5,1.60218,0.835513,176962.0,270210.0,448798.0,12.835,176793.0,269743.0,448559.0,http://www.tng-project.org/api/TNG-Cluster/snapshots/99/subhalos/28719/cutout.hdf5,1.0514
28720,9,594.5,0.419315,0.861912,176985.0,269385.0,449304.0,8.261,176793.0,269743.0,448559.0,http://www.tng-project.org/api/TNG-Cluster/snapshots/99/subhalos/28720/cutout.hdf5,0.2409
28723,9,594.5,1.24917,0.636549,177206.0,269528.0,449526.0,12.976,176793.0,269743.0,448559.0,http://www.tng-project.org/api/TNG-Cluster/snapshots/99/subhalos/28723/cutout.hdf5,1.0516
28724,9,594.5,0.401109,0.658614,176317.0,269706.0,448650.0,9.601,176793.0,269743.0,448559.0,http://www.tng-project.org/api/TNG-Cluster/snapshots/99/subhalos/28724/cutout.hdf5,0.1265
28725,9,594.5,0.178314,0.064748,177788.0,269552.0,449488.0,4.634,176793.0,269743.0,448559.0,http://www.tng-project.org/api/TNG-Cluster/snapshots/99/subhalos/28725/cutout.hdf5,0.1623
28726,9,594.5,0.187128,0.716838,176761.0,270039.0,449007.0,4.716,176793.0,269743.0,448559.0,http://www.tng-project.org/api/TNG-Cluster/snapshots/99/subhalos/28726/cutout.hdf5,0.1911
28734,9,594.5,0.115576,0.059337,177778.0,269504.0,449406.0,4.708,176793.0,269743.0,448559.0,http://www.tng-project.org/api/TNG-Cluster/snapshots/99/subhalos/28734/cutout.hdf5,0.0948
28798,9,594.5,0.151004,0.0007,177361.0,269262.0,449571.0,4.195,176793.0,269743.0,448559.0,http://www.tng-project.org/api/TNG-Cluster/snapshots/99/subhalos/28798/cutout.hdf5,0.0763
29140,10,544.4,0.262801,0.508656,174818.0,261871.0,457294.0,8.945,175175.0,262183.0,456924.0,http://www.tng-project.org/api/TNG-Cluster/snapshots/99/subhalos/29140/cutout.hdf5,0.1597
29141,10,544.4,0.119503,1.24389,175246.0,262336.0,456969.0,13.988,175175.0,262183.0,456924.0,http://www.tng-project.org/api/TNG-Cluster/snapshots/99/subhalos/29141/cutout.hdf5,0.0057
29282,11,525.0,2.09179,0.536797,174645.0,264370.0,458517.0,20.904,174493.0,265095.0,458402.0,http://www.tng-project.org/api/TNG-Cluster/snapshots/99/subhalos/29282/cutout.hdf5,1.6101
29284,11,525.0,0.13832,0.658741,174670.0,265385.0,458339.0,4.707,174493.0,265095.0,458402.0,http://www.tng-project.org/api/TNG-Cluster/snapshots/99/subhalos/29284/cutout.hdf5,0.1273
29285,11,525.0,0.296449,1.98435,174545.0,265104.0,458340.0,12.946,174493.0,265095.0,458402.0,http://www.tng-project.org/api/TNG-Cluster/snapshots/99/subhalos/29285/cutout.hdf5,0.2496
29286,11,525.0,0.275673,0.291699,175095.0,265143.0,457563.0,14.296,174493.0,265095.0,458402.0,http://www.tng-project.org/api/TNG-Cluster/snapshots/99/subhalos/29286/cutout.hdf5,0.0366
29287,11,525.0,0.171911,0.442576,174198.0,265290.0,458628.0,7.911,174493.0,265095.0,458402.0,http://www.tng-project.org/api/TNG-Cluster/snapshots/99/subhalos/29287/cutout.hdf5,0.0441
29289,11,525.0,0.009353,0.22879,175082.0,265151.0,457747.0,7.05,174493.0,265095.0,458402.0,http://www.tng-project.org/api/TNG-Cluster/snapshots/99/subhalos/29289/cutout.hdf5,0.0
29290,11,525.0,0.333058,0.063967,174429.0,264470.0,457793.0,10.769,174493.0,265095.0,458402.0,http://www.tng-project.org/api/TNG-Cluster/snapshots/99/subhalos/29290/cutout.hdf5,0.0547
29295,11,525.0,0.084989,0.05076,174890.0,265634.0,458581.0,30.243,174493.0,265095.0,458402.0,http://www.tng-project.org/api/TNG-Cluster/snapshots/99/subhalos/29295/cutout.hdf5,0.0
29299,11,525.0,0.068269,0.015845,174571.0,264397.0,458436.0,3.15,174493.0,265095.0,458402.0,http://www.tng-project.org/api/TNG-Cluster/snapshots/99/subhalos/29299/cutout.hdf5,0.039
29300,11,525.0,0.230357,0.009876,174481.0,264626.0,458365.0,8.648,174493.0,265095.0,458402.0,http://www.tng-project.org/api/TNG-Cluster/snapshots/99/subhalos/29300/cutout.hdf5,0.1037
29512,12,550.4,7.26264,10.0945,172292.0,273473.0,442084.0,45.326,172063.0,273217.0,442158.0,http://www.tng-project.org/api/TNG-Cluster/snapshots/99/subhalos/29512/cutout.hdf5,1.3811
29514,12,550.4,0.961597,0.45745,171724.0,272700.0,441972.0,12.996,172063.0,273217.0,442158.0,http://www.tng-project.org/api/TNG-Cluster/snapshots/99/subhalos/29514/cutout.hdf5,0.473
29516,12,550.4,0.097455,1.77001,171833.0,273319.0,442211.0,4.248,172063.0,273217.0,442158.0,http://www.tng-project.org/api/TNG-Cluster/snapshots/99/subhalos/29516/cutout.hdf5,0.0691
29536,12,550.4,0.060577,0.092398,172231.0,273523.0,442094.0,1.081,172063.0,273217.0,442158.0,http://www.tng-project.org/api/TNG-Cluster/snapshots/99/subhalos/29536/cutout.hdf5,0.3765
29538,12,550.4,0.134084,0.031926,172306.0,273483.0,442052.0,1.357,172063.0,273217.0,442158.0,http://www.tng-project.org/api/TNG-Cluster/snapshots/99/subhalos/29538/cutout.hdf5,1.0656
29704,13,490.2,4.20906,4.86534,181371.0,263654.0,449261.0,77.369,181979.0,263188.0,449765.0,http://www.tng-project.org/api/TNG-Cluster/snapshots/99/subhalos/29704/cutout.hdf5,0.0
29705,13,490.2,0.030977,6.13045,181947.0,263158.0,449823.0,10.142,181979.0,263188.0,449765.0,http://www.tng-project.org/api/TNG-Cluster/snapshots/99/subhalos/29705/cutout.hdf5,0.0
29706,13,490.2,2.09595,1.54382,181905.0,263467.0,449710.0,15.635,181979.0,263188.0,449765.0,http://www.tng-project.org/api/TNG-Cluster/snapshots/99/subhalos/29706/cutout.hdf5,1.1941
29707,13,490.2,1.12052,0.368256,182038.0,262584.0,449276.0,14.72,181979.0,263188.0,449765.0,http://www.tng-project.org/api/TNG-Cluster/snapshots/99/subhalos/29707/cutout.hdf5,0.2728
29708,13,490.2,0.567529,0.546047,182460.0,263157.0,449722.0,12.072,181979.0,263188.0,449765.0,http://www.tng-project.org/api/TNG-Cluster/snapshots/99/subhalos/29708/cutout.hdf5,0.177
29709,13,490.2,0.142009,0.664713,181584.0,263712.0,449344.0,5.9,181979.0,263188.0,449765.0,http://www.tng-project.org/api/TNG-Cluster/snapshots/99/subhalos/29709/cutout.hdf5,0.1043
29710,13,490.2,0.452855,0.315633,181366.0,263004.0,449546.0,13.787,181979.0,263188.0,449765.0,http://www.tng-project.org/api/TNG-Cluster/snapshots/99/subhalos/29710/cutout.hdf5,0.1564
29711,13,490.2,0.264042,0.80242,181784.0,263382.0,449601.0,4.803,181979.0,263188.0,449765.0,http://www.tng-project.org/api/TNG-Cluster/snapshots/99/subhalos/29711/cutout.hdf5,0.3438
29713,13,490.2,0.406222,0.28502,181939.0,262420.0,449507.0,14.187,181979.0,263188.0,449765.0,http://www.tng-project.org/api/TNG-Cluster/snapshots/99/subhalos/29713/cutout.hdf5,0.1457
29714,13,490.2,1.08192,0.217316,181960.0,262496.0,449320.0,16.095,181979.0,263188.0,449765.0,http://www.tng-project.org/api/TNG-Cluster/snapshots/99/subhalos/29714/cutout.hdf5,0.321
29715,13,490.2,0.362369,0.59255,181963.0,263178.0,449926.0,5.722,181979.0,263188.0,449765.0,http://www.tng-project.org/api/TNG-Cluster/snapshots/99/subhalos/29715/cutout.hdf5,0.9381
29716,13,490.2,0.095228,0.545579,181913.0,263410.0,449679.0,4.695,181979.0,263188.0,449765.0,http://www.tng-project.org/api/TNG-Cluster/snapshots/99/subhalos/29716/cutout.hdf5,0.0625
29717,13,490.2,0.139726,0.574761,181967.0,263183.0,449801.0,1.763,181979.0,263188.0,449765.0,http://www.tng-project.org/api/TNG-Cluster/snapshots/99/subhalos/29717/cutout.hdf5,0.7442
29721,13,490.2,0.081421,0.134799,182068.0,263200.0,449414.0,13.831,181979.0,263188.0,449765.0,http://www.tng-project.org/api/TNG-Cluster/snapshots/99/subhalos/29721/cutout.hdf5,0.0
29723,13,490.2,0.036271,0.053769,181245.0,263579.0,449199.0,4.148,181979.0,263188.0,449765.0,http://www.tng-project.org/api/TNG-Cluster/snapshots/99/subhalos/29723/cutout.hdf5,0.0
29975,14,474.8,0.925772,17.6271,169621.0,255761.0,450135.0,31.103,169721.0,256014.0,450094.0,http://www.tng-project.org/api/TNG-Cluster/snapshots/99/subhalos/29975/cutout.hdf5,0.0
29976,14,474.8,3.91492,1.62279,169548.0,256033.0,450183.0,18.384,169721.0,256014.0,450094.0,http://www.tng-project.org/api/TNG-Cluster/snapshots/99/subhalos/29976/cutout.hdf5,8.7481
29977,14,474.8,0.597971,0.461275,170102.0,255811.0,449726.0,8.704,169721.0,256014.0,450094.0,http://www.tng-project.org/api/TNG-Cluster/snapshots/99/subhalos/29977/cutout.hdf5,0.5098
29978,14,474.8,0.359857,0.051514,170309.0,256068.0,449915.0,9.259,169721.0,256014.0,450094.0,http://www.tng-project.org/api/TNG-Cluster/snapshots/99/subhalos/29978/cutout.hdf5,0.0642
29979,14,474.8,0.238734,0.303144,170074.0,256121.0,450132.0,9.924,169721.0,256014.0,450094.0,http://www.tng-project.org/api/TNG-Cluster/snapshots/99/subhalos/29979/cutout.hdf5,0.0881
29980,14,474.8,0.250778,0.043989,169242.0,256435.0,450191.0,10.113,169721.0,256014.0,450094.0,http://www.tng-project.org/api/TNG-Cluster/snapshots/99/subhalos/29980/cutout.hdf5,0.047
29981,14,474.8,0.077817,0.079446,169939.0,255423.0,449904.0,6.589,169721.0,256014.0,450094.0,http://www.tng-project.org/api/TNG-Cluster/snapshots/99/subhalos/29981/cutout.hdf5,0.0085
29982,14,474.8,0.151004,0.385747,169747.0,256029.0,450046.0,2.422,169721.0,256014.0,450094.0,http://www.tng-project.org/api/TNG-Cluster/snapshots/99/subhalos/29982/cutout.hdf5,0.4887
29983,14,474.8,0.159925,0.065184,169464.0,256304.0,450595.0,8.965,169721.0,256014.0,450094.0,http://www.tng-project.org/api/TNG-Cluster/snapshots/99/subhalos/29983/cutout.hdf5,0.0197
29984,14,474.8,0.446286,0.159793,169795.0,256120.0,450659.0,12.934,169721.0,256014.0,450094.0,http://www.tng-project.org/api/TNG-Cluster/snapshots/99/subhalos/29984/cutout.hdf5,0.0692
29985,14,474.8,0.024405,0.002171,169113.0,256278.0,450266.0,5.996,169721.0,256014.0,450094.0,http://www.tng-project.org/api/TNG-Cluster/snapshots/99/subhalos/29985/cutout.hdf5,0.0
30154,15,511.3,0.008543,0.529274,181673.0,277393.0,441863.0,30.629,181662.0,277199.0,442094.0,http://www.tng-project.org/api/TNG-Cluster/snapshots/99/subhalos/30154/cutout.hdf5,0.0
30155,15,511.3,0.131408,0.741927,181865.0,276957.0,442101.0,12.505,181662.0,277199.0,442094.0,http://www.tng-project.org/api/TNG-Cluster/snapshots/99/subhalos/30155/cutout.hdf5,0.0
30156,15,511.3,0.093151,0.288008,181788.0,277199.0,441975.0,5.241,181662.0,277199.0,442094.0,http://www.tng-project.org/api/TNG-Cluster/snapshots/99/subhalos/30156/cutout.hdf5,0.0355
30157,15,511.3,0.0429,0.20516,182109.0,277074.0,442455.0,12.532,181662.0,277199.0,442094.0,http://www.tng-project.org/api/TNG-Cluster/snapshots/99/subhalos/30157/cutout.hdf5,0.0
30278,16,843.1,0.206491,0.9667,184583.0,278668.0,442269.0,2.579,184562.0,278400.0,442098.0,http://www.tng-project.org/api/TNG-Cluster/snapshots/99/subhalos/30278/cutout.hdf5,0.6325
30282,16,843.1,9.8437,69.653,184219.0,278079.0,442083.0,9.803,184562.0,278400.0,442098.0,http://www.tng-project.org/api/TNG-Cluster/snapshots/99/subhalos/30282/cutout.hdf5,61.909
30284,16,843.1,2.27287,32.1855,184692.0,278327.0,442155.0,5.936,184562.0,278400.0,442098.0,http://www.tng-project.org/api/TNG-Cluster/snapshots/99/subhalos/30284/cutout.hdf5,4.8602
30306,16,843.1,1.45728,10.3437,184509.0,277836.0,442037.0,5.144,184562.0,278400.0,442098.0,http://www.tng-project.org/api/TNG-Cluster/snapshots/99/subhalos/30306/cutout.hdf5,3.8293
30379,16,843.1,0.379784,3.1807,183905.0,278382.0,442060.0,2.542,184562.0,278400.0,442098.0,http://www.tng-project.org/api/TNG-Cluster/snapshots/99/subhalos/30379/cutout.hdf5,2.0448
30423,17,472.8,1.57093,4.88746,168144.0,252124.0,463823.0,24.013,168098.0,252304.0,463740.0,http://www.tng-project.org/api/TNG-Cluster/snapshots/99/subhalos/30423/cutout.hdf5,0.0462
30424,17,472.8,2.19054,1.05897,168196.0,252193.0,462939.0,21.734,168098.0,252304.0,463740.0,http://www.tng-project.org/api/TNG-Cluster/snapshots/99/subhalos/30424/cutout.hdf5,0.1584
30425,17,472.8,0.383617,1.29793,168361.0,252012.0,463786.0,10.312,168098.0,252304.0,463740.0,http://www.tng-project.org/api/TNG-Cluster/snapshots/99/subhalos/30425/cutout.hdf5,0.306
30426,17,472.8,0.563243,0.785729,167933.0,252156.0,463555.0,10.816,168098.0,252304.0,463740.0,http://www.tng-project.org/api/TNG-Cluster/snapshots/99/subhalos/30426/cutout.hdf5,0.7436
30427,17,472.8,0.327356,0.343359,168444.0,252419.0,463906.0,11.517,168098.0,252304.0,463740.0,http://www.tng-project.org/api/TNG-Cluster/snapshots/99/subhalos/30427/cutout.hdf5,0.2202
30430,17,472.8,0.066598,0.04424,168120.0,252053.0,463688.0,12.236,168098.0,252304.0,463740.0,http://www.tng-project.org/api/TNG-Cluster/snapshots/99/subhalos/30430/cutout.hdf5,0.0
30541,18,550.3,0.100559,0.086948,174082.0,263756.0,462955.0,5.911,174777.0,263770.0,462777.0,http://www.tng-project.org/api/TNG-Cluster/snapshots/99/subhalos/30541/cutout.hdf5,0.0574
30542,18,550.3,0.101477,0.084195,175061.0,263545.0,462883.0,5.144,174777.0,263770.0,462777.0,http://www.tng-project.org/api/TNG-Cluster/snapshots/99/subhalos/30542/cutout.hdf5,0.045
30543,18,550.3,0.015586,0.1022,174976.0,263596.0,463224.0,2.851,174777.0,263770.0,462777.0,http://www.tng-project.org/api/TNG-Cluster/snapshots/99/subhalos/30543/cutout.hdf5,0.0
30636,19,455.3,0.499216,1.65022,178866.0,268332.0,452196.0,12.005,178636.0,268556.0,452100.0,http://www.tng-project.org/api/TNG-Cluster/snapshots/99/subhalos/30636/cutout.hdf5,0.0607
30637,19,455.3,0.907825,0.494483,178633.0,268876.0,452000.0,12.754,178636.0,268556.0,452100.0,http://www.tng-project.org/api/TNG-Cluster/snapshots/99/subhalos/30637/cutout.hdf5,0.3229
30638,19,455.3,0.212802,0.482266,178612.0,268579.0,452176.0,3.18,178636.0,268556.0,452100.0,http://www.tng-project.org/api/TNG-Cluster/snapshots/99/subhalos/30638/cutout.hdf5,0.3778
30639,19,455.3,0.019517,0.283573,178499.0,268760.0,452074.0,11.448,178636.0,268556.0,452100.0,http://www.tng-project.org/api/TNG-Cluster/snapshots/99/subhalos/30639/cutout.hdf5,0.0
30644,19,455.3,0.052813,0.0704,178705.0,268382.0,452406.0,30.032,178636.0,268556.0,452100.0,http://www.tng-project.org/api/TNG-Cluster/snapshots/99/subhalos/30644/cutout.hdf5,0.0
30731,20,616.0,0.050987,0.505592,166613.0,272532.0,438376.0,8.882,166916.0,271940.0,438189.0,http://www.tng-project.org/api/TNG-Cluster/snapshots/99/subhalos/30731/cutout.hdf5,0.0
30732,20,616.0,0.496904,0.106858,166838.0,272309.0,437635.0,13.619,166916.0,271940.0,438189.0,http://www.tng-project.org/api/TNG-Cluster/snapshots/99/subhalos/30732/cutout.hdf5,0.1369
30734,20,616.0,0.018266,0.387676,167173.0,272372.0,437794.0,5.192,166916.0,271940.0,438189.0,http://www.tng-project.org/api/TNG-Cluster/snapshots/99/subhalos/30734/cutout.hdf5,0.0
30735,20,616.0,0.268915,0.139544,167225.0,272356.0,437205.0,13.094,166916.0,271940.0,438189.0,http://www.tng-project.org/api/TNG-Cluster/snapshots/99/subhalos/30735/cutout.hdf5,0.049
30737,20,616.0,0.033402,0.012582,166585.0,271217.0,438477.0,8.528,166916.0,271940.0,438189.0,http://www.tng-project.org/api/TNG-Cluster/snapshots/99/subhalos/30737/cutout.hdf5,0.0
30738,20,616.0,0.11157,0.1609,167120.0,272287.0,437553.0,7.104,166916.0,271940.0,438189.0,http://www.tng-project.org/api/TNG-Cluster/snapshots/99/subhalos/30738/cutout.hdf5,0.0088
30835,21,441.9,0.419407,0.386561,176216.0,253027.0,455164.0,13.257,175858.0,252784.0,455004.0,http://www.tng-project.org/api/TNG-Cluster/snapshots/99/subhalos/30835/cutout.hdf5,0.1102
30836,21,441.9,0.3055,0.881714,175782.0,252733.0,454888.0,4.699,175858.0,252784.0,455004.0,http://www.tng-project.org/api/TNG-Cluster/snapshots/99/subhalos/30836/cutout.hdf5,0.743
30952,22,420.6,4.08182,3.32077,167812.0,251319.0,453903.0,35.526,167544.0,250949.0,453914.0,http://www.tng-project.org/api/TNG-Cluster/snapshots/99/subhalos/30952/cutout.hdf5,1.2345
30953,22,420.6,0.648399,0.349893,167753.0,251014.0,453913.0,7.905,167544.0,250949.0,453914.0,http://www.tng-project.org/api/TNG-Cluster/snapshots/99/subhalos/30953/cutout.hdf5,0.3873
30956,22,420.6,0.105964,0.117478,167798.0,251138.0,454156.0,10.986,167544.0,250949.0,453914.0,http://www.tng-project.org/api/TNG-Cluster/snapshots/99/subhalos/30956/cutout.hdf5,0.0
30957,22,420.6,0.14952,0.789525,167816.0,251318.0,453908.0,0.448,167544.0,250949.0,453914.0,http://www.tng-project.org/api/TNG-Cluster/snapshots/99/subhalos/30957/cutout.hdf5,7.2552
31165,24,398.3,3.66805,3.74868,181717.0,262870.0,440736.0,37.411,181665.0,263334.0,441089.0,http://www.tng-project.org/api/TNG-Cluster/snapshots/99/subhalos/31165/cutout.hdf5,0.0953
31166,24,398.3,2.67834,1.44019,181781.0,262933.0,441391.0,29.674,181665.0,263334.0,441089.0,http://www.tng-project.org/api/TNG-Cluster/snapshots/99/subhalos/31166/cutout.hdf5,0.4171
31167,24,398.3,3.36654,1.07903,181729.0,263709.0,441277.0,20.283,181665.0,263334.0,441089.0,http://www.tng-project.org/api/TNG-Cluster/snapshots/99/subhalos/31167/cutout.hdf5,2.2367
31168,24,398.3,0.064787,2.9497,181665.0,263407.0,441050.0,11.776,181665.0,263334.0,441089.0,http://www.tng-project.org/api/TNG-Cluster/snapshots/99/subhalos/31168/cutout.hdf5,0.0
31169,24,398.3,0.332414,0.372055,181840.0,263487.0,441141.0,10.669,181665.0,263334.0,441089.0,http://www.tng-project.org/api/TNG-Cluster/snapshots/99/subhalos/31169/cutout.hdf5,0.1714
31170,24,398.3,0.107247,0.008811,182039.0,263276.0,441394.0,6.27,181665.0,263334.0,441089.0,http://www.tng-project.org/api/TNG-Cluster/snapshots/99/subhalos/31170/cutout.hdf5,0.0036
31179,24,398.3,0.022665,0.014986,181725.0,262920.0,440719.0,3.993,181665.0,263334.0,441089.0,http://www.tng-project.org/api/TNG-Cluster/snapshots/99/subhalos/31179/cutout.hdf5,0.0
31274,25,549.9,0.036749,2.75228,172276.0,266723.0,463474.0,143.107,171667.0,266512.0,463179.0,http://www.tng-project.org/api/TNG-Cluster/snapshots/99/subhalos/31274/cutout.hdf5,0.0
31275,25,549.9,0.032145,3.0315,171616.0,266635.0,463873.0,34.393,171667.0,266512.0,463179.0,http://www.tng-project.org/api/TNG-Cluster/snapshots/99/subhalos/31275/cutout.hdf5,0.0
31294,25,549.9,0.855996,4.8805,171684.0,266665.0,463129.0,5.343,171667.0,266512.0,463179.0,http://www.tng-project.org/api/TNG-Cluster/snapshots/99/subhalos/31294/cutout.hdf5,1.4568
31356,26,403.9,0.510884,5.96528,164096.0,248481.0,455377.0,13.957,164121.0,248469.0,455425.0,http://www.tng-project.org/api/TNG-Cluster/snapshots/99/subhalos/31356/cutout.hdf5,0.0111
31357,26,403.9,2.55338,2.31665,164134.0,248506.0,454974.0,17.061,164121.0,248469.0,455425.0,http://www.tng-project.org/api/TNG-Cluster/snapshots/99/subhalos/31357/cutout.hdf5,1.8892
31358,26,403.9,0.891033,0.49777,164551.0,248435.0,455153.0,10.263,164121.0,248469.0,455425.0,http://www.tng-project.org/api/TNG-Cluster/snapshots/99/subhalos/31358/cutout.hdf5,0.5471
31359,26,403.9,0.245202,0.015098,164488.0,248342.0,455470.0,7.959,164121.0,248469.0,455425.0,http://www.tng-project.org/api/TNG-Cluster/snapshots/99/subhalos/31359/cutout.hdf5,0.035
31360,26,403.9,0.106957,0.179936,163993.0,248339.0,454917.0,7.459,164121.0,248469.0,455425.0,http://www.tng-project.org/api/TNG-Cluster/snapshots/99/subhalos/31360/cutout.hdf5,0.0
31425,27,422.3,5.62918,3.7928,171301.0,262262.0,465422.0,104.24,171738.0,261736.0,464624.0,http://www.tng-project.org/api/TNG-Cluster/snapshots/99/subhalos/31425/cutout.hdf5,0.0
31426,27,422.3,0.193206,2.91008,171118.0,262182.0,465321.0,45.207,171738.0,261736.0,464624.0,http://www.tng-project.org/api/TNG-Cluster/snapshots/99/subhalos/31426/cutout.hdf5,0.0
31427,27,422.3,0.027348,5.39256,171707.0,261762.0,464745.0,34.538,171738.0,261736.0,464624.0,http://www.tng-project.org/api/TNG-Cluster/snapshots/99/subhalos/31427/cutout.hdf5,0.0
31428,27,422.3,1.02121,2.67444,171061.0,261224.0,465310.0,20.2,171738.0,261736.0,464624.0,http://www.tng-project.org/api/TNG-Cluster/snapshots/99/subhalos/31428/cutout.hdf5,0.2233
31429,27,422.3,1.47172,1.01432,171161.0,261411.0,465056.0,19.14,171738.0,261736.0,464624.0,http://www.tng-project.org/api/TNG-Cluster/snapshots/99/subhalos/31429/cutout.hdf5,0.1979
31430,27,422.3,0.648002,0.202042,171345.0,261438.0,464942.0,9.734,171738.0,261736.0,464624.0,http://www.tng-project.org/api/TNG-Cluster/snapshots/99/subhalos/31430/cutout.hdf5,0.2125
31431,27,422.3,0.856275,2.58914,170951.0,261533.0,465131.0,5.859,171738.0,261736.0,464624.0,http://www.tng-project.org/api/TNG-Cluster/snapshots/99/subhalos/31431/cutout.hdf5,0.9449
31432,27,422.3,0.111682,0.004025,171140.0,261573.0,465146.0,5.92,171738.0,261736.0,464624.0,http://www.tng-project.org/api/TNG-Cluster/snapshots/99/subhalos/31432/cutout.hdf5,0.0091
31434,27,422.3,0.011763,0.001367,171122.0,261722.0,465025.0,5.309,171738.0,261736.0,464624.0,http://www.tng-project.org/api/TNG-Cluster/snapshots/99/subhalos/31434/cutout.hdf5,0.0
31440,27,422.3,0.400137,0.569488,171603.0,261632.0,464812.0,3.201,171738.0,261736.0,464624.0,http://www.tng-project.org/api/TNG-Cluster/snapshots/99/subhalos/31440/cutout.hdf5,1.1143
31501,27,422.3,0.139056,0.050212,170872.0,261461.0,465146.0,4.631,171738.0,261736.0,464624.0,http://www.tng-project.org/api/TNG-Cluster/snapshots/99/subhalos/31501/cutout.hdf5,0.0
31521,28,539.2,1.47134,0.476815,174058.0,265353.0,461707.0,13.434,174349.0,266802.0,461844.0,http://www.tng-project.org/api/TNG-Cluster/snapshots/99/subhalos/31521/cutout.hdf5,0.9756
31523,28,539.2,0.167858,0.875231,174448.0,266660.0,461809.0,5.107,174349.0,266802.0,461844.0,http://www.tng-project.org/api/TNG-Cluster/snapshots/99/subhalos/31523/cutout.hdf5,0.1701
31524,28,539.2,9.64026,37.3567,174594.0,265835.0,461610.0,10.788,174349.0,266802.0,461844.0,http://www.tng-project.org/api/TNG-Cluster/snapshots/99/subhalos/31524/cutout.hdf5,39.0327
31526,28,539.2,0.014381,0.144449,174450.0,266632.0,461741.0,5.955,174349.0,266802.0,461844.0,http://www.tng-project.org/api/TNG-Cluster/snapshots/99/subhalos/31526/cutout.hdf5,0.0
31527,28,539.2,0.044897,0.039953,174171.0,266459.0,461876.0,7.777,174349.0,266802.0,461844.0,http://www.tng-project.org/api/TNG-Cluster/snapshots/99/subhalos/31527/cutout.hdf5,0.0
31538,28,539.2,2.15714,17.4987,174575.0,267258.0,461704.0,8.082,174349.0,266802.0,461844.0,http://www.tng-project.org/api/TNG-Cluster/snapshots/99/subhalos/31538/cutout.hdf5,5.6552
31666,29,582.3,1.25965,9.35847,167311.0,242667.0,460712.0,5.092,166610.0,242893.0,460883.0,http://www.tng-project.org/api/TNG-Cluster/snapshots/99/subhalos/31666/cutout.hdf5,3.7646
31734,30,420.1,0.507878,1.25415,175946.0,249297.0,455656.0,4.479,175943.0,249268.0,455743.0,http://www.tng-project.org/api/TNG-Cluster/snapshots/99/subhalos/31734/cutout.hdf5,1.3917
31736,30,420.1,0.005387,0.133671,175502.0,249088.0,455523.0,6.628,175943.0,249268.0,455743.0,http://www.tng-project.org/api/TNG-Cluster/snapshots/99/subhalos/31736/cutout.hdf5,0.0
31796,31,418.2,0.668808,0.501154,181646.0,247168.0,453469.0,9.313,181764.0,247340.0,453341.0,http://www.tng-project.org/api/TNG-Cluster/snapshots/99/subhalos/31796/cutout.hdf5,0.3758
31797,31,418.2,0.402727,0.289746,181736.0,247121.0,452870.0,8.922,181764.0,247340.0,453341.0,http://www.tng-project.org/api/TNG-Cluster/snapshots/99/subhalos/31797/cutout.hdf5,0.2044
31799,31,418.2,0.170991,0.250184,181764.0,247288.0,452972.0,6.635,181764.0,247340.0,453341.0,http://www.tng-project.org/api/TNG-Cluster/snapshots/99/subhalos/31799/cutout.hdf5,0.0542
31884,32,422.7,0.18877,0.537352,175090.0,279321.0,429929.0,3.347,175328.0,279641.0,429860.0,http://www.tng-project.org/api/TNG-Cluster/snapshots/99/subhalos/31884/cutout.hdf5,0.2135
31931,33,395.4,0.560412,3.03167,177771.0,254855.0,458595.0,52.849,178158.0,254910.0,458840.0,http://www.tng-project.org/api/TNG-Cluster/snapshots/99/subhalos/31931/cutout.hdf5,0.0
31932,33,395.4,1.01601,1.64526,177738.0,254864.0,459036.0,60.007,178158.0,254910.0,458840.0,http://www.tng-project.org/api/TNG-Cluster/snapshots/99/subhalos/31932/cutout.hdf5,0.0
31933,33,395.4,0.505798,0.594478,177796.0,254975.0,459156.0,14.181,178158.0,254910.0,458840.0,http://www.tng-project.org/api/TNG-Cluster/snapshots/99/subhalos/31933/cutout.hdf5,0.1011
31934,33,395.4,0.001444,1.92077,178139.0,254901.0,458840.0,0.0,178158.0,254910.0,458840.0,http://www.tng-project.org/api/TNG-Cluster/snapshots/99/subhalos/31934/cutout.hdf5,0.0
31935,33,395.4,0.901515,0.38737,178366.0,255162.0,459005.0,16.458,178158.0,254910.0,458840.0,http://www.tng-project.org/api/TNG-Cluster/snapshots/99/subhalos/31935/cutout.hdf5,1.0388
31936,33,395.4,0.331799,0.268746,177742.0,254865.0,459076.0,5.076,178158.0,254910.0,458840.0,http://www.tng-project.org/api/TNG-Cluster/snapshots/99/subhalos/31936/cutout.hdf5,0.3788
31937,33,395.4,0.096748,0.247048,178009.0,254726.0,458823.0,11.664,178158.0,254910.0,458840.0,http://www.tng-project.org/api/TNG-Cluster/snapshots/99/subhalos/31937/cutout.hdf5,0.0
31938,33,395.4,0.045764,0.32689,178096.0,254893.0,458903.0,3.609,178158.0,254910.0,458840.0,http://www.tng-project.org/api/TNG-Cluster/snapshots/99/subhalos/31938/cutout.hdf5,0.0119
31947,33,395.4,0.034317,0.007108,178063.0,254807.0,458559.0,2.947,178158.0,254910.0,458840.0,http://www.tng-project.org/api/TNG-Cluster/snapshots/99/subhalos/31947/cutout.hdf5,0.0
32015,34,433.5,0.291514,1.21082,174081.0,277166.0,435086.0,12.221,173853.0,277054.0,435155.0,http://www.tng-project.org/api/TNG-Cluster/snapshots/99/subhalos/32015/cutout.hdf5,0.1442
32017,34,433.5,0.056016,0.052187,173714.0,277075.0,435215.0,3.582,173853.0,277054.0,435155.0,http://www.tng-project.org/api/TNG-Cluster/snapshots/99/subhalos/32017/cutout.hdf5,0.0128
32072,35,641.2,1.18064,0.799805,175162.0,270116.0,461984.0,18.394,174603.0,269734.0,462144.0,http://www.tng-project.org/api/TNG-Cluster/snapshots/99/subhalos/32072/cutout.hdf5,0.5787
32132,36,703.9,1.01225,1.49576,175135.0,282527.0,426733.0,7.143,175294.0,282453.0,427189.0,http://www.tng-project.org/api/TNG-Cluster/snapshots/99/subhalos/32132/cutout.hdf5,1.7704
32141,36,703.9,1.76206,5.90387,174925.0,282273.0,427133.0,4.828,175294.0,282453.0,427189.0,http://www.tng-project.org/api/TNG-Cluster/snapshots/99/subhalos/32141/cutout.hdf5,3.7706
32173,37,342.3,3.66533,3.28024,169127.0,251100.0,446984.0,122.011,169538.0,251163.0,446839.0,http://www.tng-project.org/api/TNG-Cluster/snapshots/99/subhalos/32173/cutout.hdf5,0.0318
32174,37,342.3,0.032717,1.63341,169557.0,251139.0,446810.0,5.779,169538.0,251163.0,446839.0,http://www.tng-project.org/api/TNG-Cluster/snapshots/99/subhalos/32174/cutout.hdf5,0.0
32175,37,342.3,0.49481,0.507725,169512.0,251188.0,446727.0,7.806,169538.0,251163.0,446839.0,http://www.tng-project.org/api/TNG-Cluster/snapshots/99/subhalos/32175/cutout.hdf5,0.5077
32176,37,342.3,0.742228,0.066337,169355.0,251065.0,446540.0,10.201,169538.0,251163.0,446839.0,http://www.tng-project.org/api/TNG-Cluster/snapshots/99/subhalos/32176/cutout.hdf5,0.134
32177,37,342.3,0.277082,0.107239,169638.0,251324.0,446715.0,6.325,169538.0,251163.0,446839.0,http://www.tng-project.org/api/TNG-Cluster/snapshots/99/subhalos/32177/cutout.hdf5,0.1593
32178,37,342.3,0.090243,0.00404,169523.0,250859.0,446371.0,4.589,169538.0,251163.0,446839.0,http://www.tng-project.org/api/TNG-Cluster/snapshots/99/subhalos/32178/cutout.hdf5,0.0042
32183,37,342.3,0.000755,0.167698,169560.0,251075.0,446863.0,0.0,169538.0,251163.0,446839.0,http://www.tng-project.org/api/TNG-Cluster/snapshots/99/subhalos/32183/cutout.hdf5,0.0
32187,37,342.3,0.160003,0.129783,169019.0,250997.0,447130.0,6.923,169538.0,251163.0,446839.0,http://www.tng-project.org/api/TNG-Cluster/snapshots/99/subhalos/32187/cutout.hdf5,0.1803
32188,37,342.3,0.002902,0.001359,169272.0,251144.0,446603.0,31.443,169538.0,251163.0,446839.0,http://www.tng-project.org/api/TNG-Cluster/snapshots/99/subhalos/32188/cutout.hdf5,0.0
32193,37,342.3,0.103585,0.032915,169328.0,251211.0,447350.0,3.441,169538.0,251163.0,446839.0,http://www.tng-project.org/api/TNG-Cluster/snapshots/99/subhalos/32193/cutout.hdf5,0.041
32306,38,317.5,3.9969,1.50664,173535.0,262659.0,457068.0,26.508,174177.0,262624.0,457042.0,http://www.tng-project.org/api/TNG-Cluster/snapshots/99/subhalos/32306/cutout.hdf5,2.0779
32307,38,317.5,2.45493,0.610139,173658.0,262656.0,457072.0,15.252,174177.0,262624.0,457042.0,http://www.tng-project.org/api/TNG-Cluster/snapshots/99/subhalos/32307/cutout.hdf5,2.245
32308,38,317.5,0.379552,1.06731,174213.0,262652.0,457055.0,3.055,174177.0,262624.0,457042.0,http://www.tng-project.org/api/TNG-Cluster/snapshots/99/subhalos/32308/cutout.hdf5,1.2257
32309,38,317.5,0.494473,0.081393,174098.0,263344.0,456739.0,9.165,174177.0,262624.0,457042.0,http://www.tng-project.org/api/TNG-Cluster/snapshots/99/subhalos/32309/cutout.hdf5,0.1902
32328,38,317.5,0.107076,0.000789,173577.0,262683.0,457089.0,3.156,174177.0,262624.0,457042.0,http://www.tng-project.org/api/TNG-Cluster/snapshots/99/subhalos/32328/cutout.hdf5,0.033
32504,41,391.1,0.364939,0.548161,167605.0,253170.0,465705.0,5.495,167543.0,253232.0,465633.0,http://www.tng-project.org/api/TNG-Cluster/snapshots/99/subhalos/32504/cutout.hdf5,0.3765
32505,41,391.1,0.114878,0.021176,167285.0,252915.0,465553.0,5.619,167543.0,253232.0,465633.0,http://www.tng-project.org/api/TNG-Cluster/snapshots/99/subhalos/32505/cutout.hdf5,0.0392
32507,41,391.1,0.022438,0.109413,167697.0,253502.0,465828.0,6.952,167543.0,253232.0,465633.0,http://www.tng-project.org/api/TNG-Cluster/snapshots/99/subhalos/32507/cutout.hdf5,0.0
32555,42,336.5,13.0684,2.11024,157006.0,266795.0,450470.0,73.778,157414.0,267181.0,450618.0,http://www.tng-project.org/api/TNG-Cluster/snapshots/99/subhalos/32555/cutout.hdf5,1.8222
32556,42,336.5,6.00948,1.87551,157437.0,266864.0,450045.0,30.948,157414.0,267181.0,450618.0,http://www.tng-project.org/api/TNG-Cluster/snapshots/99/subhalos/32556/cutout.hdf5,2.2677
32557,42,336.5,0.474993,0.754483,157664.0,267038.0,450592.0,12.961,157414.0,267181.0,450618.0,http://www.tng-project.org/api/TNG-Cluster/snapshots/99/subhalos/32557/cutout.hdf5,0.257
32558,42,336.5,1.21441,0.223076,157055.0,266822.0,450320.0,12.553,157414.0,267181.0,450618.0,http://www.tng-project.org/api/TNG-Cluster/snapshots/99/subhalos/32558/cutout.hdf5,0.3812
32559,42,336.5,0.596538,0.095808,157328.0,266875.0,449987.0,8.844,157414.0,267181.0,450618.0,http://www.tng-project.org/api/TNG-Cluster/snapshots/99/subhalos/32559/cutout.hdf5,0.2659
32560,42,336.5,0.160664,0.009597,157434.0,266863.0,450189.0,6.843,157414.0,267181.0,450618.0,http://www.tng-project.org/api/TNG-Cluster/snapshots/99/subhalos/32560/cutout.hdf5,0.0135
32561,42,336.5,0.043461,0.008853,156911.0,266975.0,450465.0,6.826,157414.0,267181.0,450618.0,http://www.tng-project.org/api/TNG-Cluster/snapshots/99/subhalos/32561/cutout.hdf5,0.0
32565,42,336.5,0.005327,0.007199,157348.0,266882.0,450250.0,11.388,157414.0,267181.0,450618.0,http://www.tng-project.org/api/TNG-Cluster/snapshots/99/subhalos/32565/cutout.hdf5,0.0
32653,43,475.8,0.597652,0.523105,176219.0,276442.0,460683.0,20.429,175583.0,276118.0,460612.0,http://www.tng-project.org/api/TNG-Cluster/snapshots/99/subhalos/32653/cutout.hdf5,0.0
32654,43,475.8,0.181935,0.225884,175657.0,276637.0,460824.0,8.051,175583.0,276118.0,460612.0,http://www.tng-project.org/api/TNG-Cluster/snapshots/99/subhalos/32654/cutout.hdf5,0.1154
32656,43,475.8,0.068635,0.137217,175760.0,275463.0,460482.0,4.892,175583.0,276118.0,460612.0,http://www.tng-project.org/api/TNG-Cluster/snapshots/99/subhalos/32656/cutout.hdf5,0.01
32657,43,475.8,0.004419,0.007201,175812.0,275342.0,460569.0,5.103,175583.0,276118.0,460612.0,http://www.tng-project.org/api/TNG-Cluster/snapshots/99/subhalos/32657/cutout.hdf5,0.0
32665,43,475.8,0.146291,0.046723,175734.0,275084.0,460655.0,3.149,175583.0,276118.0,460612.0,http://www.tng-project.org/api/TNG-Cluster/snapshots/99/subhalos/32665/cutout.hdf5,0.2208
32670,43,475.8,0.014264,0.000859,175802.0,275099.0,460683.0,6.905,175583.0,276118.0,460612.0,http://www.tng-project.org/api/TNG-Cluster/snapshots/99/subhalos/32670/cutout.hdf5,0.0
32741,44,378.5,0.731058,0.679526,178134.0,257813.0,456083.0,13.723,178234.0,257518.0,456193.0,http://www.tng-project.org/api/TNG-Cluster/snapshots/99/subhalos/32741/cutout.hdf5,0.2825
32789,45,419.4,1.49009,3.99328,165973.0,267209.0,464038.0,8.181,165820.0,267168.0,464070.0,http://www.tng-project.org/api/TNG-Cluster/snapshots/99/subhalos/32789/cutout.hdf5,5.353
32790,45,419.4,0.076405,0.332137,165755.0,267644.0,464211.0,8.041,165820.0,267168.0,464070.0,http://www.tng-project.org/api/TNG-Cluster/snapshots/99/subhalos/32790/cutout.hdf5,0.0
32791,45,419.4,0.137377,0.047159,165525.0,267460.0,464089.0,7.892,165820.0,267168.0,464070.0,http://www.tng-project.org/api/TNG-Cluster/snapshots/99/subhalos/32791/cutout.hdf5,0.0212
32793,45,419.4,0.037687,0.078676,165846.0,267285.0,464068.0,14.003,165820.0,267168.0,464070.0,http://www.tng-project.org/api/TNG-Cluster/snapshots/99/subhalos/32793/cutout.hdf5,0.0
32876,47,384.8,0.02726,4.79674,175262.0,244371.0,458702.0,23.035,175627.0,244504.0,458622.0,http://www.tng-project.org/api/TNG-Cluster/snapshots/99/subhalos/32876/cutout.hdf5,0.0
32878,47,384.8,0.236973,0.23268,175254.0,244401.0,458608.0,2.795,175627.0,244504.0,458622.0,http://www.tng-project.org/api/TNG-Cluster/snapshots/99/subhalos/32878/cutout.hdf5,0.6986
32925,48,380.6,0.288737,1.19506,177129.0,257402.0,461128.0,5.603,177164.0,257442.0,461164.0,http://www.tng-project.org/api/TNG-Cluster/snapshots/99/subhalos/32925/cutout.hdf5,0.3102
32926,48,380.6,0.425293,0.196725,177216.0,257305.0,461136.0,5.391,177164.0,257442.0,461164.0,http://www.tng-project.org/api/TNG-Cluster/snapshots/99/subhalos/32926/cutout.hdf5,0.6457
32927,48,380.6,0.208058,0.127853,176987.0,257362.0,461072.0,9.051,177164.0,257442.0,461164.0,http://www.tng-project.org/api/TNG-Cluster/snapshots/99/subhalos/32927/cutout.hdf5,0.0764
32963,49,343.8,1.96141,0.644061,168227.0,246583.0,459805.0,14.833,168337.0,246301.0,459801.0,http://www.tng-project.org/api/TNG-Cluster/snapshots/99/subhalos/32963/cutout.hdf5,2.2422
32995,50,338.8,1.41254,0.896135,168196.0,251778.0,449797.0,6.795,168176.0,251762.0,449751.0,http://www.tng-project.org/api/TNG-Cluster/snapshots/99/subhalos/32995/cutout.hdf5,2.5663
33068,51,328.3,1.40661,0.287875,163003.0,269563.0,445130.0,14.608,163316.0,269425.0,445312.0,http://www.tng-project.org/api/TNG-Cluster/snapshots/99/subhalos/33068/cutout.hdf5,0.4021
33097,52,293.1,0.068931,0.063235,175929.0,258690.0,453428.0,4.484,176005.0,258804.0,453437.0,http://www.tng-project.org/api/TNG-Cluster/snapshots/99/subhalos/33097/cutout.hdf5,0.0
33170,53,313.5,0.289798,0.543948,171761.0,271525.0,442675.0,2.171,171726.0,271546.0,442681.0,http://www.tng-project.org/api/TNG-Cluster/snapshots/99/subhalos/33170/cutout.hdf5,1.352
33174,53,313.5,0.034205,0.099018,171787.0,271655.0,442759.0,4.31,171726.0,271546.0,442681.0,http://www.tng-project.org/api/TNG-Cluster/snapshots/99/subhalos/33174/cutout.hdf5,0.0
33212,54,306.5,1.65651,0.221578,171273.0,268074.0,446193.0,17.083,171035.0,268509.0,445866.0,http://www.tng-project.org/api/TNG-Cluster/snapshots/99/subhalos/33212/cutout.hdf5,0.2518
33213,54,306.5,0.358759,0.030406,170874.0,268494.0,445372.0,10.54,171035.0,268509.0,445866.0,http://www.tng-project.org/api/TNG-Cluster/snapshots/99/subhalos/33213/cutout.hdf5,0.0649
33214,54,306.5,0.184269,0.46271,171076.0,268507.0,445896.0,4.476,171035.0,268509.0,445866.0,http://www.tng-project.org/api/TNG-Cluster/snapshots/99/subhalos/33214/cutout.hdf5,0.1374
33215,54,306.5,0.164267,0.007905,171139.0,268499.0,445593.0,6.346,171035.0,268509.0,445866.0,http://www.tng-project.org/api/TNG-Cluster/snapshots/99/subhalos/33215/cutout.hdf5,0.0625
33216,54,306.5,0.211283,0.188048,171063.0,268443.0,445885.0,5.299,171035.0,268509.0,445866.0,http://www.tng-project.org/api/TNG-Cluster/snapshots/99/subhalos/33216/cutout.hdf5,0.1862
33222,54,306.5,0.011677,0.000705,171115.0,268225.0,445941.0,3.801,171035.0,268509.0,445866.0,http://www.tng-project.org/api/TNG-Cluster/snapshots/99/subhalos/33222/cutout.hdf5,0.0
33271,55,289.9,0.503067,2.53681,176643.0,267683.0,459260.0,91.61,176705.0,267293.0,459625.0,http://www.tng-project.org/api/TNG-Cluster/snapshots/99/subhalos/33271/cutout.hdf5,0.0
33272,55,289.9,0.549386,0.119465,176703.0,267480.0,459272.0,13.132,176705.0,267293.0,459625.0,http://www.tng-project.org/api/TNG-Cluster/snapshots/99/subhalos/33272/cutout.hdf5,0.068
33273,55,289.9,0.12856,0.028824,176965.0,267360.0,459385.0,12.001,176705.0,267293.0,459625.0,http://www.tng-project.org/api/TNG-Cluster/snapshots/99/subhalos/33273/cutout.hdf5,0.0
33274,55,289.9,0.091566,0.051542,176719.0,267585.0,459282.0,6.162,176705.0,267293.0,459625.0,http://www.tng-project.org/api/TNG-Cluster/snapshots/99/subhalos/33274/cutout.hdf5,0.006
33287,55,289.9,0.028959,0.002507,177009.0,267604.0,459425.0,6.974,176705.0,267293.0,459625.0,http://www.tng-project.org/api/TNG-Cluster/snapshots/99/subhalos/33287/cutout.hdf5,0.0
33424,57,356.2,1.23133,0.120065,155259.0,262327.0,456286.0,12.667,155462.0,262213.0,455938.0,http://www.tng-project.org/api/TNG-Cluster/snapshots/99/subhalos/33424/cutout.hdf5,0.228
33425,57,356.2,0.674546,1.17827,155394.0,262195.0,455971.0,9.012,155462.0,262213.0,455938.0,http://www.tng-project.org/api/TNG-Cluster/snapshots/99/subhalos/33425/cutout.hdf5,0.3575
33460,58,384.0,0.183335,1.31529,163952.0,249798.0,455478.0,3.436,163961.0,249777.0,455404.0,http://www.tng-project.org/api/TNG-Cluster/snapshots/99/subhalos/33460/cutout.hdf5,0.6266
33463,58,384.0,0.037959,0.011926,163979.0,250343.0,455351.0,3.511,163961.0,249777.0,455404.0,http://www.tng-project.org/api/TNG-Cluster/snapshots/99/subhalos/33463/cutout.hdf5,0.0
33513,59,326.6,0.106722,0.768661,190135.0,270751.0,444777.0,4.121,190109.0,270694.0,444747.0,http://www.tng-project.org/api/TNG-Cluster/snapshots/99/subhalos/33513/cutout.hdf5,0.1189
33514,59,326.6,0.087666,0.369888,190121.0,270698.0,444800.0,2.94,190109.0,270694.0,444747.0,http://www.tng-project.org/api/TNG-Cluster/snapshots/99/subhalos/33514/cutout.hdf5,0.1296
33528,60,294.3,0.760468,3.53777,179370.0,265705.0,444824.0,31.666,179385.0,265516.0,444749.0,http://www.tng-project.org/api/TNG-Cluster/snapshots/99/subhalos/33528/cutout.hdf5,0.0
33529,60,294.3,0.155979,0.358528,179331.0,265650.0,444776.0,5.412,179385.0,265516.0,444749.0,http://www.tng-project.org/api/TNG-Cluster/snapshots/99/subhalos/33529/cutout.hdf5,0.1432
33604,63,274.0,6.99732,0.776244,163066.0,261192.0,452521.0,60.208,163210.0,261642.0,452280.0,http://www.tng-project.org/api/TNG-Cluster/snapshots/99/subhalos/33604/cutout.hdf5,4.1552
33605,63,274.0,0.253151,0.680384,163215.0,261600.0,452313.0,4.18,163210.0,261642.0,452280.0,http://www.tng-project.org/api/TNG-Cluster/snapshots/99/subhalos/33605/cutout.hdf5,0.2684
33608,63,274.0,0.013075,0.089795,163058.0,261197.0,452518.0,3.035,163210.0,261642.0,452280.0,http://www.tng-project.org/api/TNG-Cluster/snapshots/99/subhalos/33608/cutout.hdf5,0.1265
33665,65,305.3,0.046659,2.5798,168791.0,259298.0,456802.0,14.748,168872.0,259424.0,456748.0,http://www.tng-project.org/api/TNG-Cluster/snapshots/99/subhalos/33665/cutout.hdf5,0.0
33700,66,334.5,0.081801,3.57612,178118.0,268575.0,458859.0,13.475,178204.0,268503.0,458881.0,http://www.tng-project.org/api/TNG-Cluster/snapshots/99/subhalos/33700/cutout.hdf5,0.0
33739,67,284.1,1.02385,1.99894,179792.0,253839.0,455428.0,62.88,179197.0,253974.0,455365.0,http://www.tng-project.org/api/TNG-Cluster/snapshots/99/subhalos/33739/cutout.hdf5,0.0
33793,68,392.9,0.328266,0.773259,192218.0,269649.0,441729.0,18.639,192448.0,269692.0,441571.0,http://www.tng-project.org/api/TNG-Cluster/snapshots/99/subhalos/33793/cutout.hdf5,0.0
33794,68,392.9,0.247861,1.25159,192517.0,269870.0,441626.0,9.676,192448.0,269692.0,441571.0,http://www.tng-project.org/api/TNG-Cluster/snapshots/99/subhalos/33794/cutout.hdf5,0.1744
33795,68,392.9,0.121864,0.909635,192322.0,269579.0,441385.0,7.17,192448.0,269692.0,441571.0,http://www.tng-project.org/api/TNG-Cluster/snapshots/99/subhalos/33795/cutout.hdf5,0.0458
33796,68,392.9,0.568016,0.074553,192354.0,269786.0,441546.0,10.624,192448.0,269692.0,441571.0,http://www.tng-project.org/api/TNG-Cluster/snapshots/99/subhalos/33796/cutout.hdf5,0.0929
33824,69,296.8,0.362101,0.088565,169284.0,258933.0,456446.0,16.006,169739.0,259158.0,456021.0,http://www.tng-project.org/api/TNG-Cluster/snapshots/99/subhalos/33824/cutout.hdf5,0.0573
33862,70,287.6,0.075262,0.113395,177576.0,273035.0,445129.0,6.742,177803.0,273086.0,445063.0,http://www.tng-project.org/api/TNG-Cluster/snapshots/99/subhalos/33862/cutout.hdf5,0.0
33864,70,287.6,0.14414,0.121733,177823.0,273061.0,444911.0,6.964,177803.0,273086.0,445063.0,http://www.tng-project.org/api/TNG-Cluster/snapshots/99/subhalos/33864/cutout.hdf5,0.0329
33899,71,278.4,1.54414,3.26299,170283.0,268295.0,444845.0,21.139,170191.0,268253.0,444803.0,http://www.tng-project.org/api/TNG-Cluster/snapshots/99/subhalos/33899/cutout.hdf5,0.1712
33900,71,278.4,0.08993,0.115201,170347.0,268130.0,444948.0,8.059,170191.0,268253.0,444803.0,http://www.tng-project.org/api/TNG-Cluster/snapshots/99/subhalos/33900/cutout.hdf5,0.0068
33902,71,278.4,0.001726,0.002529,169942.0,268232.0,444912.0,0.0,170191.0,268253.0,444803.0,http://www.tng-project.org/api/TNG-Cluster/snapshots/99/subhalos/33902/cutout.hdf5,0.0
33926,72,282.9,2.51907,0.890228,177889.0,254273.0,453460.0,29.044,177514.0,254130.0,453245.0,http://www.tng-project.org/api/TNG-Cluster/snapshots/99/subhalos/33926/cutout.hdf5,1.2448
